sender,receiver,text_content,translated_text_content,vader_score,time stamp,cleaned_text,sender_group1,sender_group2,sender_project1,sender_project2,receiver_group1,receiver_group2,receiver_project1,receiver_project2
1,0,あぁ〜かわいい👘🎐💕🥰🥰,"Ah, so cute",0.5949,Wed Jun 04 12:43:36 +0000 2025,あぁ〜かわいい,Nijigasaki,,Lovelive!,,Nijigasaki,,Lovelive!,
0,1,ありがと☺️👘,Thank you,0.3612,Wed Jun 04 14:16:33 +0000 2025,ありがと,Nijigasaki,,Lovelive!,,Nijigasaki,,Lovelive!,
1,0,"ひなきちゃん😭
ありがとうね🖤🩷🖤🩷
侑ちゃん持って行ってよかった😍","Hinaki-chan
Thank you
I'm glad I took it with me",0.6705,Sat May 24 23:31:14 +0000 2025,"ひなきちゃん
ありがとうね
侑ちゃん持って行ってよかった",Nijigasaki,,Lovelive!,,Nijigasaki,,Lovelive!,
0,1,"めっちゃ可愛かったよーーーー！！！！
こちらこそ侑ちゃん連れてってくれてありがとう🩷🖤","It was so cute! ! ! !
Thank you for taking Yu-chan",0.8193,Sun May 25 07:35:13 +0000 2025,"めっちゃ可愛かったよーーーー！！！！
こちらこそ侑ちゃん連れてってくれてありがとう",Nijigasaki,,Lovelive!,,Nijigasaki,,Lovelive!,
1,2,"ここちゃん🍔🫶
ありがとう🎙️❤️🎀","Koko-chan
thank you",0.3612,Wed Jul 09 12:29:52 +0000 2025,"ここちゃん
ありがとう",Nijigasaki,,Lovelive!,,Nijigasaki,MyGO!!!!!,Lovelive!,BanG Dream!
2,1,ナイスダブチ👍🍔,Nice Dabuchi,0.4215,Wed Jul 09 13:41:06 +0000 2025,ナイスダブチ,Nijigasaki,MyGO!!!!!,Lovelive!,BanG Dream!,Nijigasaki,,Lovelive!,
16,2,"ここ氏おめでと！！
今年こそ一緒にオタ活しようね🤝","Congratulations to Koko! !
Let's have a geeky life together this year",0.5972,Wed May 14 15:51:38 +0000 2025,"ここ氏おめでと！！
今年こそ一緒にオタ活しようね",Liella!,,Lovelive!,,Nijigasaki,MyGO!!!!!,Lovelive!,BanG Dream!
2,16,ありがとーん❣️まじでしようね😎,Thank you so seriously,0.1298,Thu May 15 00:15:30 +0000 2025,ありがとーんまじでしようね,Nijigasaki,MyGO!!!!!,Lovelive!,BanG Dream!,Liella!,,Lovelive!,
75,2,"ここちお誕生日おめでとう〜🎂
どんなことにも真摯に向き合うところ、あったかい言葉をかけてくれる優しいところ…本当に尊敬しているよ！☺️✨
いつもありがとう🌷
素敵な一年になる魔法かけた🧚🪄","Happy birthday Kokochi
He is so sincere about everything, and kindness who gives warm words... I really respect him!
thank you as always
I made a spell to make a wonderful year",0.9692,Wed May 14 15:04:26 +0000 2025,"ここちお誕生日おめでとう〜
どんなことにも真摯に向き合うところ、あったかい言葉をかけてくれる優しいところ…本当に尊敬しているよ！
いつもありがとう
素敵な一年になる魔法かけた",Ave Mujica,,BanG Dream!,,Nijigasaki,MyGO!!!!!,Lovelive!,BanG Dream!
2,75,のんちゃん♡嬉しい魔法ありがとう♡,Non-chan's nice magic thank you,0.6486,Thu May 15 00:14:38 +0000 2025,のんちゃん嬉しい魔法ありがとう,Nijigasaki,MyGO!!!!!,Lovelive!,BanG Dream!,Ave Mujica,,BanG Dream!,
33,2,ここちゃんお誕生日おめでとう〜🎂✨,Happy birthday Koko-chan,0.5719,Wed May 14 15:01:03 +0000 2025,ここちゃんお誕生日おめでとう〜,Hasunosora,,Lovelive!,,Nijigasaki,MyGO!!!!!,Lovelive!,BanG Dream!
2,33,あまね氏ありがとう❣️😊共演がまた増えそうで嬉しいよ,Thank you Amane I'm happy to see more co-stars appearing again,0.7351,Thu May 15 00:18:27 +0000 2025,あまね氏ありがとう共演がまた増えそうで嬉しいよ,Nijigasaki,MyGO!!!!!,Lovelive!,BanG Dream!,Hasunosora,,Lovelive!,
74,2,"Happy birthday ここち🎂❣️
ここちのお芝居も歌も演奏もダンスも。。どれも尊敬するほど大好き!!努力を感じられて心に響いてくる!!今年も色んな場所で会えたらいいな☺︎

ここりこの灯-ともしび-を決して絶やさぬよう精進します。これからもよろしくだよー😎✌️","Happy birthday
Kokoto's acting, singing, playing, and dancing. . I love them all the more I respect them!! They really touch my heart by feeling their efforts!! I hope we can meet them in many different places this year too.

We will work hard to ensure that the lights never disappear. I'll continue to look forward to it",0.9776,Wed May 14 23:55:43 +0000 2025,"Happy birthday ここち
ここちのお芝居も歌も演奏もダンスも。。どれも尊敬するほど大好き!!努力を感じられて心に響いてくる!!今年も色んな場所で会えたらいいな︎

ここりこの灯-ともしび-を決して絶やさぬよう精進します。これからもよろしくだよー",Ave Mujica,,BanG Dream!,,Nijigasaki,MyGO!!!!!,Lovelive!,BanG Dream!
2,74,りこちありがとう❣️ここりこ𝑭𝑶𝑹𝑬𝑽𝑬𝑹…,Thank you Rikochi Kokoriko𝑭𝑶𝑹𝑬𝑽𝑬𝑹…,0.3612,Thu May 15 00:14:15 +0000 2025,りこちありがとうここりこ𝑭𝑶𝑹𝑬𝑽𝑬𝑹…,Nijigasaki,MyGO!!!!!,Lovelive!,BanG Dream!,Ave Mujica,,BanG Dream!,
81,2,"ココチャマお誕生日おめでとう❣️🫶✨
今年もうまい空気とうまい飯、ドカドカと食っていきましょう( ˇωˇ )☝️","Happy birthday to Cocochama
Let's eat delicious food and delicious food this year (ˇωˇ)",0.9022,Thu May 15 08:29:17 +0000 2025,"ココチャマお誕生日おめでとう
今年もうまい空気とうまい飯、ドカドカと食っていきましょう( ˇωˇ )",MyGO!!!!!,,BanG Dream!,,Nijigasaki,MyGO!!!!!,Lovelive!,BanG Dream!
2,81,"青木氏ありが㌧❣️
ほまそれ。ドカ食い人生ヨ〜‼️✨️","Thanks Aoki
Yes, that's it. A life of eating so much!",0.7088,Thu May 15 08:41:57 +0000 2025,"青木氏ありが㌧
ほまそれ。ドカ食い人生ヨ〜‼",Nijigasaki,MyGO!!!!!,Lovelive!,BanG Dream!,MyGO!!!!!,,BanG Dream!,
75,3,🫶🥰✨,,0.0,Wed Jun 25 11:26:27 +0000 2025,,Ave Mujica,,BanG Dream!,,Nijigasaki,,Lovelive!,
3,75,🫶🫶🫶🥰またいこー！幸せ時間だったね！！,Come back again! It was a happy time! !,0.6784,Wed Jun 25 11:27:37 +0000 2025,またいこー！幸せ時間だったね！！,Nijigasaki,,Lovelive!,,Ave Mujica,,BanG Dream!,
15,5,まゆちさんありがとう～！会えて嬉しいよぉぉぉ～,Thank you Mayuchi! I'm glad to meet you,0.6996,Sat Jul 12 15:33:24 +0000 2025,まゆちさんありがとう～！会えて嬉しいよぉぉぉ～,Liella!,,Lovelive!,,Nijigasaki,,Lovelive!,
0,5,楽しかったありがと🙏,Thanks for having fun,0.7351,Thu May 29 16:23:25 +0000 2025,楽しかったありがと,Nijigasaki,,Lovelive!,,Nijigasaki,,Lovelive!,
1,5,良いお便りです☺️,Good news,0.4404,Sun May 18 09:08:56 +0000 2025,良いお便りです,Nijigasaki,,Lovelive!,,Nijigasaki,,Lovelive!,
5,1,あざます！！,Azama! !,0.0,Sun May 18 09:13:15 +0000 2025,あざます！！,Nijigasaki,,Lovelive!,,Nijigasaki,,Lovelive!,
1,7,おけけぴよーんってなっててかわいい🍨,It's so cute that it looks like Okekepiyo,0.7481,Mon Jun 09 14:17:19 +0000 2025,おけけぴよーんってなっててかわいい,Nijigasaki,,Lovelive!,,Nijigasaki,,Lovelive!,
7,1,"かわいいでしょ〜🥰🐶
パピコ自分でブルブルしてたらこうなってた😂","Isn't it cute
This is what happened when I was shaking myself",0.4905,Mon Jun 09 14:28:50 +0000 2025,"かわいいでしょ〜
パピコ自分でブルブルしてたらこうなってた",Nijigasaki,,Lovelive!,,Nijigasaki,,Lovelive!,
10,9,かわいー！たのしそー！いいなー！,Cute! Fun! That's good!,0.8772,Sat Jun 28 14:49:04 +0000 2025,かわいー！たのしそー！いいなー！,Nijigasaki,,Lovelive!,,Nijigasaki,,Lovelive!,
9,10,乗り物最高だった！！！虹のみんなで行きたいねえ☺️,The ride was amazing! ! ! I want to go with everyone in the rainbow,0.7163,Sat Jun 28 15:01:48 +0000 2025,乗り物最高だった！！！虹のみんなで行きたいねえ,Nijigasaki,,Lovelive!,,Nijigasaki,,Lovelive!,
7,9,ペットはいいゾォ......,Pets are good...,0.4404,Fri Jun 13 05:38:44 +0000 2025,ペットはいいゾォ......,Nijigasaki,,Lovelive!,,Nijigasaki,,Lovelive!,
9,7,自分の時間すら足りないのにッッ……まだ飼う訳にはッッ……,I don't even have enough time... I still have no reason to keep it...,0.296,Fri Jun 13 06:06:44 +0000 2025,自分の時間すら足りないのにッッ……まだ飼う訳にはッッ……,Nijigasaki,,Lovelive!,,Nijigasaki,,Lovelive!,
4,9,プリンセスじゃん…かわいすぎ…,She's a princess... so cute...,0.5949,Thu Apr 03 15:12:48 +0000 2025,プリンセスじゃん…かわいすぎ…,Nijigasaki,,Lovelive!,,Nijigasaki,,Lovelive!,
9,4,"みゆプリンセスに言われるの嬉しすぎ🥺🤍✨
ありがとう☺️🫶🫶✨✨","I'm so happy to hear Miyu Princess say it
thank you",0.8042,Thu Apr 03 15:17:38 +0000 2025,"みゆプリンセスに言われるの嬉しすぎ
ありがとう",Nijigasaki,,Lovelive!,,Nijigasaki,,Lovelive!,
10,9,"かわいーーー！！！！
似合ってる！お人形さん！！🤍🤍","Cute! ! ! !
It suits you! Doll! !",0.6331,Thu Apr 03 15:24:09 +0000 2025,"かわいーーー！！！！
似合ってる！お人形さん！！",Nijigasaki,,Lovelive!,,Nijigasaki,,Lovelive!,
9,10,"うれしーーー！！！🤍🤍
見慣れなすぎてこれでいいのか不安だったけど田中にお墨付き貰えたからいい気がしてきた！！！☺️ありがとう🫶","I'm so happy! ! !
I was so used to seeing it that I was worried if this was okay, but Tanaka has given me the approval so I feel good! ! ! thank you",0.948,Thu Apr 03 15:30:43 +0000 2025,"うれしーーー！！！
見慣れなすぎてこれでいいのか不安だったけど田中にお墨付き貰えたからいい気がしてきた！！！ありがとう",Nijigasaki,,Lovelive!,,Nijigasaki,,Lovelive!,
1,9,"あかりんありがとう💜💜💜
素で彼方ちゃんみたいだった☺️✨","Thank you Akarin
I was like Benata-chan in my own way",0.6124,Sun Mar 23 08:39:46 +0000 2025,"あかりんありがとう
素で彼方ちゃんみたいだった",Nijigasaki,,Lovelive!,,Nijigasaki,,Lovelive!,
9,1,"たまたま髪型彼方っぽかったよね🐏
おつかれさまー🌟","It just happened to be a bit of a hairstyle
Thank you for your hard work",0.2732,Sun Mar 23 08:41:53 +0000 2025,"たまたま髪型彼方っぽかったよね
おつかれさまー",Nijigasaki,,Lovelive!,,Nijigasaki,,Lovelive!,
0,9,来てくれてありがと🫧🌈,Thank you for coming,0.3612,Sun Mar 23 06:19:18 +0000 2025,来てくれてありがと,Nijigasaki,,Lovelive!,,Nijigasaki,,Lovelive!,
9,0,連れてってくれてありがと🤍,Thank you for taking me with me,0.3612,Sun Mar 23 06:22:18 +0000 2025,連れてってくれてありがと,Nijigasaki,,Lovelive!,,Nijigasaki,,Lovelive!,
7,9,"楽屋に来てくれてありがとあかりんーー！！🥰🥰
うれしかった〜〜〜","Thank you for coming to the dressing room! !
I was happy",0.7772,Sun Mar 23 06:22:02 +0000 2025,"楽屋に来てくれてありがとあかりんーー！！
うれしかった〜〜〜",Nijigasaki,,Lovelive!,,Nijigasaki,,Lovelive!,
9,7,わたしも会えて嬉しかったー🌈✨ステージがんばってねー‼️✨,"I was happy to meet you too, please do your best on stage!!",0.8953,Sun Mar 23 06:23:57 +0000 2025,わたしも会えて嬉しかったーステージがんばってねー‼,Nijigasaki,,Lovelive!,,Nijigasaki,,Lovelive!,
1,10,どっちも！！！🍒😍,Both! ! !,0.0,Sun May 25 13:12:55 +0000 2025,どっちも！！！,Nijigasaki,,Lovelive!,,Nijigasaki,,Lovelive!,
10,1,あら〜〜嬉しいこと言ってくれるじゃないのーー☺️💕💕💕,"Oh, you're going to say something nice",0.4215,Sun May 25 13:55:35 +0000 2025,あら〜〜嬉しいこと言ってくれるじゃないのーー,Nijigasaki,,Lovelive!,,Nijigasaki,,Lovelive!,
22,10,"え！ツインテール、、、！？！？
可愛すぎます見たかった😭🥹💖💖","What! Twin tails...! ? ! ?
It's so cute I wanted to see it",0.7271,Sat May 24 11:57:12 +0000 2025,"え！ツインテール、、、！？！？
可愛すぎます見たかった",Liella!,,Lovelive!,,Nijigasaki,,Lovelive!,
10,22,みて♡♡♡ https://t.co/RVTgwmJhOc,Look at it https://t.co/RVTgwmJhOc,0.0,Sat May 24 12:11:47 +0000 2025,みて https://t.co/RVTgwmJhOc,Nijigasaki,,Lovelive!,,Liella!,,Lovelive!,
10,13,大丈夫よん😉,It's okay,0.2263,Thu Jun 05 11:06:49 +0000 2025,大丈夫よん,Nijigasaki,,Lovelive!,,Nijigasaki,,Lovelive!,
23,14,ねぇぇぇさゆー😭ありがとう🎧🧡,"Hey, thank you Sayyu",0.3612,Sun Jul 06 15:24:37 +0000 2025,ねぇぇぇさゆーありがとう,Liella!,,Lovelive!,,Liella!,,Lovelive!,
17,14,"さゆーーーーー！！！！
今この写真と同じ表情してるwww
ぺいもさゆだーーーーいすきっ！💞💞💞
ありがとう！😆✨","Sayuri! ! ! !
He looks the same as this photo now lol
I love Pei too!
thank you!",0.8926,Wed Jul 02 02:38:57 +0000 2025,"さゆーーーーー！！！！
今この写真と同じ表情してるwww
ぺいもさゆだーーーーいすきっ！
ありがとう！",Liella!,,Lovelive!,,Liella!,,Lovelive!,
23,14,ボー。( '-' ),Bo. ( '-' ),0.0,Tue Jun 24 10:26:19 +0000 2025,ボー。( '-' ),Liella!,,Lovelive!,,Liella!,,Lovelive!,
16,14,"おさゆ！！ありがとうね！
これからも世に出せない写真たくさん撮っていこうね😇笑","Osayu! ! Thank you!
I'll continue to take lots of photos that I can't bring out in the world lol",0.7332,Fri May 16 02:22:49 +0000 2025,"おさゆ！！ありがとうね！
これからも世に出せない写真たくさん撮っていこうね笑",Liella!,,Lovelive!,,Liella!,,Lovelive!,
17,14,ほんとだよ。,That's true.,0.4215,Sun May 04 12:15:15 +0000 2025,ほんとだよ。,Liella!,,Lovelive!,,Liella!,,Lovelive!,
14,17,ぎゃあああああああああああ,Aaaaaah,0.0,Sun May 04 12:18:06 +0000 2025,ぎゃあああああああああああ,Liella!,,Lovelive!,,Liella!,,Lovelive!,
23,14,"澁谷かのんっっ🫵　　…笑
お誕生日おめでとう👏🧡

マルガレーテちゃんも、
かのんちゃんのこと大好きってーー！🤭笑
 #澁谷かのん生誕祭2025","Shibuya Kanon...lol
happy birthday

Margarete too
I love Kanon-chan! lol
 #Shibuya Kanon Birthday 2025",0.8999,Wed Apr 30 23:51:32 +0000 2025,"澁谷かのんっっ　　…笑
お誕生日おめでとう

マルガレーテちゃんも、
かのんちゃんのこと大好きってーー！笑
 #澁谷かのん生誕祭2025",Liella!,,Lovelive!,,Liella!,,Lovelive!,
14,23,"ゆいな、ありがとう🛝💜笑
ツンデレいただきました🫶","Yuina, thank you lol
I got a tsundere",0.6486,Fri May 02 08:47:37 +0000 2025,"ゆいな、ありがとう笑
ツンデレいただきました",Liella!,,Lovelive!,,Liella!,,Lovelive!,
22,14,"かのん先輩🎧✨
お誕生日おめでとうございます！大好きだ〜❣️
冬毬とラジオこれからもよろしくね🥹🧡","Kanon Senpai
happy birthday! I love it
I hope you'll continue to look forward to Fuyumari and radio",0.902,Wed Apr 30 22:41:02 +0000 2025,"かのん先輩
お誕生日おめでとうございます！大好きだ〜
冬毬とラジオこれからもよろしくね",Liella!,,Lovelive!,,Liella!,,Lovelive!,
14,22,"さく〜🥲💭ありがとーーっ！🎀
こちらこそだ！
リエラジ盛り上げていこうっ！","Thank you so much!
This is it!
Let's liven up Rieraji!",0.5229,Fri May 02 09:56:21 +0000 2025,"さく〜ありがとーーっ！
こちらこそだ！
リエラジ盛り上げていこうっ！",Liella!,,Lovelive!,,Liella!,,Lovelive!,
19,14,"かのんちゃんお誕生日おめでとう☺️🧡
大好きです(  ´˘`  )🫶","Happy birthday Kanon-chan
I love it ( ´˘` )",0.836,Thu May 01 10:41:06 +0000 2025,"かのんちゃんお誕生日おめでとう
大好きです(  ´˘`  )",Liella!,,Lovelive!,,Liella!,,Lovelive!,
14,19,"のんちゃんありがとおおおお👏💭
顔文字かわいい大好き🫣","Thanks Non-chan
I love the cute emoticons",0.8779,Fri May 02 09:56:32 +0000 2025,"のんちゃんありがとおおおお
顔文字かわいい大好き",Liella!,,Lovelive!,,Liella!,,Lovelive!,
17,14,"かのんちゃん〜っ！🎧
お誕生日おめでとう🧡🎂","Kanon-chan!
happy birthday",0.6114,Thu May 01 02:03:48 +0000 2025,"かのんちゃん〜っ！
お誕生日おめでとう",Liella!,,Lovelive!,,Liella!,,Lovelive!,
14,17,"ペーーーイ子ぉぉう
ありがと〜！！！💚🎂","Peeeee
thank you~! ! !",0.5229,Fri May 02 10:51:42 +0000 2025,"ペーーーイ子ぉぉう
ありがと〜！！！",Liella!,,Lovelive!,,Liella!,,Lovelive!,
16,14,かのんちゃんお誕生日おめでとう〜🧡,Happy birthday Kanon-chan,0.5719,Thu May 01 14:58:08 +0000 2025,かのんちゃんお誕生日おめでとう〜,Liella!,,Lovelive!,,Liella!,,Lovelive!,
14,16,"ちゃんなぎ〜〜ぃ
ありがとーーーう！！💙🎂🎂","Channagi
Thank you! !",0.4738,Fri May 02 09:56:48 +0000 2025,"ちゃんなぎ〜〜ぃ
ありがとーーーう！！",Liella!,,Lovelive!,,Liella!,,Lovelive!,
22,14,似すぎた🤣🤣🤣,It was too similar,0.0,Sat Apr 19 13:07:37 +0000 2025,似すぎた,Liella!,,Lovelive!,,Liella!,,Lovelive!,
14,22,写真の構図もお衣装も似すぎた笑笑笑🤣,The composition and costumes in the photo were just too similar lol lol,0.6808,Sat Apr 19 13:14:35 +0000 2025,写真の構図もお衣装も似すぎた笑笑笑,Liella!,,Lovelive!,,Liella!,,Lovelive!,
23,15,うれじぃーーーー。ありがどぉぉお〜💙,I'm so happy. Thank you,0.8186,Sun Jul 06 14:32:29 +0000 2025,うれじぃーーーー。ありがどぉぉお〜,Liella!,,Lovelive!,,Liella!,,Lovelive!,
16,15,ふははははは🐴,Hahahaha,0.0,Sun Jun 15 12:33:30 +0000 2025,ふははははは,Liella!,,Lovelive!,,Liella!,,Lovelive!,
15,16,😳😳😳😳😳😳😳,,0.0,Sun Jun 15 13:22:11 +0000 2025,,Liella!,,Lovelive!,,Liella!,,Lovelive!,
21,15,んきゃーーーーボーイッシュありがとうございます可愛いですきゅん🥰☺️🥰,"Thank you boyish, so cute kyu",0.7481,Mon May 12 04:54:34 +0000 2025,んきゃーーーーボーイッシュありがとうございます可愛いですきゅん,Liella!,,Lovelive!,,Liella!,,Lovelive!,
17,15,全然反省してないじゃん！！！,I haven't regretted anything at all! ! !,0.4696,Sun May 04 12:57:53 +0000 2025,全然反省してないじゃん！！！,Liella!,,Lovelive!,,Liella!,,Lovelive!,
15,17,えっ。と,What? and,0.0,Sun May 04 15:07:46 +0000 2025,えっ。と,Liella!,,Lovelive!,,Liella!,,Lovelive!,
14,15,"ケーキﾜﾀﾙｼﾐ🥹🥹
写真もありがとう！！🙇‍♀️","Cake is amazing
Thank you for the photos too! !",0.7835,Fri May 02 08:47:15 +0000 2025,"ケーキﾜﾀﾙｼﾐ
写真もありがとう！！",Liella!,,Lovelive!,,Liella!,,Lovelive!,
23,15,エッホエッホエッホエッホ🙂🙃,Ehhhhhhhhhhhh,0.0,Mon Apr 14 13:56:18 +0000 2025,エッホエッホエッホエッホ,Liella!,,Lovelive!,,Liella!,,Lovelive!,
21,15,つぶあん🍞,,0.0,Fri Apr 18 02:46:36 +0000 2025,つぶあん,Liella!,,Lovelive!,,Liella!,,Lovelive!,
23,15,ﾁｶｲ(*｡･ω･从･ω･｡*)ﾁｶｲ,Chikai(*｡･ω･从･ω･｡*) Chikai,0.0,Mon Mar 24 13:28:32 +0000 2025,ﾁｶｲ(*｡･ω･从･ω･｡*)ﾁｶｲ,Liella!,,Lovelive!,,Liella!,,Lovelive!,
14,15,ぎゅ,,0.0,Sat Mar 22 13:29:34 +0000 2025,ぎゅ,Liella!,,Lovelive!,,Liella!,,Lovelive!,
21,15,"りーありがとうねえ☺️ᩚ
お寿司行こうねえ🍣🍣","Thank you very much ᩚ
Let's go to sushi",0.3612,Sun Feb 23 13:11:28 +0000 2025,"りーありがとうねえᩚ
お寿司行こうねえ",Liella!,,Lovelive!,,Liella!,,Lovelive!,
17,16,"なぎ！！！
昨日は来てくれてありがとう🙌💞
緊張してたのバレてて照れた🙈︎","Nagi! ! !
Thank you for coming yesterday
I was embarrassed when I found out I was nervous",0.4545,Sun Jul 13 12:23:36 +0000 2025,"なぎ！！！
昨日は来てくれてありがとう
緊張してたのバレてて照れた︎",Liella!,,Lovelive!,,Liella!,,Lovelive!,
23,16,聞いて。私も今この体勢してる。,Listen. I'm in this position now too.,0.0,Sun Jun 29 14:41:50 +0000 2025,聞いて。私も今この体勢してる。,Liella!,,Lovelive!,,Liella!,,Lovelive!,
2,16,輝けほくろ…,Shining mole...,0.0,Fri May 16 15:37:33 +0000 2025,輝けほくろ…,Nijigasaki,MyGO!!!!!,Lovelive!,BanG Dream!,Liella!,,Lovelive!,
16,2,はひふへほくろ…,Hifuhemo...,0.0,Sat May 17 03:02:55 +0000 2025,はひふへほくろ…,Liella!,,Lovelive!,,Nijigasaki,MyGO!!!!!,Lovelive!,BanG Dream!
2,16,なぎちゃんおめでと〜う❣️誕生日一日違いなの奇跡やな！,"Congratulations Nagi-chan, it's a miracle that your birthday is just a day wrong!",0.7088,Thu May 15 23:37:54 +0000 2025,なぎちゃんおめでと〜う誕生日一日違いなの奇跡やな！,Nijigasaki,MyGO!!!!!,Lovelive!,BanG Dream!,Liella!,,Lovelive!,
16,2,"ここ氏ありがとー！ほんとそれ✌️
今度お祝いしよ〜","Thank you Koko! Really that
Let's celebrate this next time",0.7754,Sat May 17 01:54:55 +0000 2025,"ここ氏ありがとー！ほんとそれ
今度お祝いしよ〜",Liella!,,Lovelive!,,Nijigasaki,MyGO!!!!!,Lovelive!,BanG Dream!
15,16,"なぎ誕生日おめでとう！！！！！！
そろそろ次の約束🥟","Happy birthday Nagi! ! ! ! ! !
It's about time for the next promise",0.8002,Thu May 15 15:14:31 +0000 2025,"なぎ誕生日おめでとう！！！！！！
そろそろ次の約束",Liella!,,Lovelive!,,Liella!,,Lovelive!,
16,15,"りーありがと！！
はい、そろそろ我が家解放します笑","Thank you very much! !
Yes, I'll be releasing my house soon lol",0.8337,Fri May 16 02:53:05 +0000 2025,"りーありがと！！
はい、そろそろ我が家解放します笑",Liella!,,Lovelive!,,Liella!,,Lovelive!,
18,16,"なぎお！
お誕生日おめでとう！！
最高の相棒🫶
おいも溢れる一年になりますようにっっ🍠","Nagio!
happy birthday! !
The best companion
I hope it will be a year full of sweet potatoes",0.9401,Fri May 16 01:56:52 +0000 2025,"なぎお！
お誕生日おめでとう！！
最高の相棒
おいも溢れる一年になりますようにっっ",Liella!,,Lovelive!,,Liella!,,Lovelive!,
16,18,"なこありがとう！！
うひょひょうれしー🥰","Thank you Nako! !
I'm so happy",0.8327,Sat May 17 01:42:22 +0000 2025,"なこありがとう！！
うひょひょうれしー",Liella!,,Lovelive!,,Liella!,,Lovelive!,
23,16,"なぎなぎなぎ！！
お誕生日おめでとおおおお👏💓
また突然ぎゅーしにいくねーーー！笑","Naginaginagi! !
Happy birthday
I'm going to get hug again! lol",0.8879,Thu May 15 15:13:07 +0000 2025,"なぎなぎなぎ！！
お誕生日おめでとおおおお
また突然ぎゅーしにいくねーーー！笑",Liella!,,Lovelive!,,Liella!,,Lovelive!,
16,23,"ゆいなありがとおおお！
ま、待ってる…笑","Thank you Yuina!
Well, I'll be waiting... ha ha",0.8268,Sat May 17 01:43:29 +0000 2025,"ゆいなありがとおおお！
ま、待ってる…笑",Liella!,,Lovelive!,,Liella!,,Lovelive!,
20,16,"おめでとう〜
好きやで〜〜🍠❤️","Congratulations
I love it",0.8442,Fri May 16 10:09:47 +0000 2025,"おめでとう〜
好きやで〜〜",Liella!,,Lovelive!,,Liella!,,Lovelive!,
16,20,"やぶありがとう〜！！
私も〜🎃","Thank you so much for Yabu! !
me too~",0.4738,Sat May 17 02:10:51 +0000 2025,"やぶありがとう〜！！
私も〜",Liella!,,Lovelive!,,Liella!,,Lovelive!,
18,17,🫶🫶🫶,,0.0,Sun Jul 13 12:58:51 +0000 2025,,Liella!,,Lovelive!,,Liella!,,Lovelive!,
17,18,( *´ ³`)ﾉ ～♡,( *´ ³`)ﾉ ~,0.0,Sun Jul 13 13:39:34 +0000 2025,( *´ ³`)ﾉ ～,Liella!,,Lovelive!,,Liella!,,Lovelive!,
20,17,なおみ、好きだ。,I love Naomi.,0.6369,Tue Jul 01 08:53:37 +0000 2025,なおみ、好きだ。,Liella!,,Lovelive!,,Liella!,,Lovelive!,
17,20,！？！？！？！？！？！？！？！？！？！？！？！？！？！？！？！？！？！？！？！？！？！？！？！？！？！？！？！？！？！？！？！？！？！？！？！？！？！？！？！？！？！？！？！？！？！？！？！？！？！？！？！？！？！？！,! ? ! ? ! ? ! ? ! ? ! ? ! ? ! ? ! ? ! ? ! ? ! ? ! ? ! ? ! ? ! ? ! ? ! ? ! ? ! ? ! ? ! ? ! ? ! ? ! ? ! ? ! ? ! ? ! ? ! ? ! ? ! ? ! ? ! ? ! ? ! ? ! ? ! ? ! ? ! ? ! ? ! ? ! ? ! ? ! ? ! ? ! ? ! ? ! ? ! ? ! ? ! ? ! ? ! ? !,0.0,Wed Jul 02 02:54:01 +0000 2025,！？！？！？！？！？！？！？！？！？！？！？！？！？！？！？！？！？！？！？！？！？！？！？！？！？！？！？！？！？！？！？！？！？！？！？！？！？！？！？！？！？！？！？！？！？！？！？！？！？！？！？！？！？！？！,Liella!,,Lovelive!,,Liella!,,Lovelive!,
23,17,"お誕生日おめでとうっっ👏🎉
ぺいとぅん！めっちゃいい写真っっ🩵
いつまでも一緒に笑い合おうね😂😂

 #ペイトン尚未生誕祭2024","Happy birthday
Peiton! A really good photo
Let's laugh together forever

 #PeytonNaoshi Birthday 2024",0.8953,Mon Jun 30 15:09:05 +0000 2025,"お誕生日おめでとうっっ
ぺいとぅん！めっちゃいい写真っっ
いつまでも一緒に笑い合おうね

 #ペイトン尚未生誕祭2024",Liella!,,Lovelive!,,Liella!,,Lovelive!,
17,23,"ゆいなありがとう！ 🫶🥹
21歳(2回目)…！？！？笑笑
いつも笑わせてくれてありがとう！
これからもダジャレ楽しみにしてるよ〜🫰","Thank you Yuina! 
21 years old (2nd time)...! ? ! ? Lol lol
Thank you for always making me laugh!
I'm looking forward to more puns",0.9406,Wed Jul 02 02:43:00 +0000 2025,"ゆいなありがとう！ 
21歳(2回目)…！？！？笑笑
いつも笑わせてくれてありがとう！
これからもダジャレ楽しみにしてるよ〜",Liella!,,Lovelive!,,Liella!,,Lovelive!,
15,17,"ペイ誕生日おめでとう！！！！！！
写真の笑顔しゅてき☺️✨✨","Happy birthday Pay! ! ! ! ! !
I'll smile in the photo",0.7887,Tue Jul 01 07:51:56 +0000 2025,"ペイ誕生日おめでとう！！！！！！
写真の笑顔しゅてき",Liella!,,Lovelive!,,Liella!,,Lovelive!,
17,15,"りーーーーーちゃぁーーーーん！！！
ありがとう〜😆💞
りーちゃんの隣安心するよ","Lee-chan! ! !
thank you~
I'm relieved next to Rie-chan",0.7163,Wed Jul 02 02:47:21 +0000 2025,"りーーーーーちゃぁーーーーん！！！
ありがとう〜
りーちゃんの隣安心するよ",Liella!,,Lovelive!,,Liella!,,Lovelive!,
18,17,"ぺい！
お誕生日おめでとう🎂！！！
だいすきだよう🫶🥴","Pei!
happy birthday! ! !
I really love it",0.885,Tue Jul 01 03:28:58 +0000 2025,"ぺい！
お誕生日おめでとう！！！
だいすきだよう",Liella!,,Lovelive!,,Liella!,,Lovelive!,
17,18,"なこ！！！
ありがとう🙌✨
ぺいもだいすき〜！！！🥰

🥴←すごい顔だね。","Nako! ! !
thank you
I love Pei too! ! !

←You have an amazing face.",0.913,Wed Jul 02 02:45:01 +0000 2025,"なこ！！！
ありがとう
ぺいもだいすき〜！！！

←すごい顔だね。",Liella!,,Lovelive!,,Liella!,,Lovelive!,
19,17,"ぺいちゃんお誕生日おめでとう🎉
ぺいちゃんとお話するの大好き！✨️
またお出かけしようね〜☺️🫶","Happy birthday Pei-chan
I love talking to Pei-chan!
Let's go out again",0.8478,Tue Jul 01 10:18:36 +0000 2025,"ぺいちゃんお誕生日おめでとう
ぺいちゃんとお話するの大好き！
またお出かけしようね〜",Liella!,,Lovelive!,,Liella!,,Lovelive!,
17,19,"のん〜！！！！ありがとう！🙌💞
わたしものんとお話するの楽しくてだいすき！
回転寿司ハマりそう…🍣","Non! ! ! ! thank you!
I love talking to you!
I'm going to get hooked on conveyor belt sushi...",0.8346,Wed Jul 02 02:50:04 +0000 2025,"のん〜！！！！ありがとう！
わたしものんとお話するの楽しくてだいすき！
回転寿司ハマりそう…",Liella!,,Lovelive!,,Liella!,,Lovelive!,
16,17,"ぺいこありがとん🍠
早々に食べるわよ🥟","Thank you Peiko
I'll eat it soon",0.3612,Fri May 16 02:32:18 +0000 2025,"ぺいこありがとん
早々に食べるわよ",Liella!,,Lovelive!,,Liella!,,Lovelive!,
16,17,りー反省するふりくらいしてよ！！笑,"Lee, just pretend to regret it! ! lol",0.2462,Sun May 04 12:34:11 +0000 2025,りー反省するふりくらいしてよ！！笑,Liella!,,Lovelive!,,Liella!,,Lovelive!,
17,16,ふり…………？？？,Pretend...? ? ?,0.2359,Sun May 04 12:35:10 +0000 2025,ふり…………？？？,Liella!,,Lovelive!,,Liella!,,Lovelive!,
21,17,かわいいからなんでもおっけー👌🏻 ̖́-︎,"It's so cute, everything's fine ̖́-︎",0.7123,Sun May 04 13:11:45 +0000 2025,かわいいからなんでもおっけー ̖́-︎,Liella!,,Lovelive!,,Liella!,,Lovelive!,
17,21,"2期生・3期生の皆さま、本当にすみませんでした
やさしいなぁあ😭😭😭","I'm really sorry to all the 2nd and 3rd generation members
That's easy",0.3197,Sun May 04 14:03:02 +0000 2025,"2期生・3期生の皆さま、本当にすみませんでした
やさしいなぁあ",Liella!,,Lovelive!,,Liella!,,Lovelive!,
14,17,"ナオミエルだーーーーーっ！！🪽

めちゃ好き🤣","It's Naomiel! !

I really like it",0.5231,Fri May 02 14:10:17 +0000 2025,"ナオミエルだーーーーーっ！！

めちゃ好き",Liella!,,Lovelive!,,Liella!,,Lovelive!,
17,14,ナオミエルもさゆのことめちゃ好きです🪽,Naomiel also really likes Sayu,0.4754,Sat May 03 05:57:38 +0000 2025,ナオミエルもさゆのことめちゃ好きです,Liella!,,Lovelive!,,Liella!,,Lovelive!,
14,17,今度一緒食べに行こ〜😚,Let's go eat together next time,0.0,Tue Apr 22 14:17:16 +0000 2025,今度一緒食べに行こ〜,Liella!,,Lovelive!,,Liella!,,Lovelive!,
17,14,行く！！！！！！！！やったー！！！！！！！,Go! ! ! ! ! ! ! ! Yay! ! ! ! ! ! !,0.6776,Tue Apr 22 14:19:52 +0000 2025,行く！！！！！！！！やったー！！！！！！！,Liella!,,Lovelive!,,Liella!,,Lovelive!,
23,17,ご本人様😶✨✨✨,Personally,0.0,Wed Apr 16 15:15:45 +0000 2025,ご本人様,Liella!,,Lovelive!,,Liella!,,Lovelive!,
17,23,( *¯ ꒳¯*),( *¯ ꒳¯*),0.0,Thu Apr 17 10:34:48 +0000 2025,( *¯ ꒳¯*),Liella!,,Lovelive!,,Liella!,,Lovelive!,
23,17,メガネに目がねぇ。,I can't see my glasses.,0.0,Thu Apr 10 12:03:39 +0000 2025,メガネに目がねぇ。,Liella!,,Lovelive!,,Liella!,,Lovelive!,
17,23,🙂,,0.0,Thu Apr 10 12:30:02 +0000 2025,,Liella!,,Lovelive!,,Liella!,,Lovelive!,
22,17,ペイちゃんありがとう！ぇぇー！是非さくらって呼んでよ〜🥹🤍,Thank you Pay-chan! Wow! Please call me Sakura,0.8475,Wed Apr 02 15:09:01 +0000 2025,ペイちゃんありがとう！ぇぇー！是非さくらって呼んでよ〜,Liella!,,Lovelive!,,Liella!,,Lovelive!,
17,22,さくら！！！！！！！！！！！,! ! ! ! ! ! ! ! ! ! !,0.0,Wed Apr 02 15:16:01 +0000 2025,さくら！！！！！！！！！！！,Liella!,,Lovelive!,,Liella!,,Lovelive!,
23,18,"なこぉぉぉ！ありがとぉぉぉ😭🫧
うれちぃ。たのちぃ。かわちぃ。🙆‍♀️","Nako! Thank you
Nice. Tanochi. Cute.",0.8221,Sun Jul 06 22:55:48 +0000 2025,"なこぉぉぉ！ありがとぉぉぉ
うれちぃ。たのちぃ。かわちぃ。",Liella!,,Lovelive!,,Liella!,,Lovelive!,
17,18,いいよ。ぺい天使だから。,That's fine. Because he's a light angel.,0.2023,Sun May 04 12:45:40 +0000 2025,いいよ。ぺい天使だから。,Liella!,,Lovelive!,,Liella!,,Lovelive!,
18,17,"この天使を守らなければならない。
いっぱいよしよししますね( ◜ᴗ◝)","We must protect this angel.
I'll be a lot of good (◜ᴗ◝)",0.6705,Sun May 04 12:52:04 +0000 2025,"この天使を守らなければならない。
いっぱいよしよししますね( ◜ᴗ◝)",Liella!,,Lovelive!,,Liella!,,Lovelive!,
23,18,なこと一緒に暴れるの楽しかった◎笑,It was fun to go wild together with things ◎ lol,0.7269,Fri Apr 04 04:21:49 +0000 2025,なこと一緒に暴れるの楽しかった◎笑,Liella!,,Lovelive!,,Liella!,,Lovelive!,
18,23,めっちゃ心強かったよ🫶🫶,It was so reassuring,0.541,Fri Apr 04 05:20:46 +0000 2025,めっちゃ心強かったよ,Liella!,,Lovelive!,,Liella!,,Lovelive!,
22,18,"なこちゃん来てくれて本当にありがとう🥹
プレゼントも嬉しすぎます(´；ω；｀)♡
お出かけ、ごはん、絶対行きたい～！！！✨","Thank you so much for coming
The present is also so happy (´；ω；｀)
I definitely want to go out and eat! ! !",0.9025,Wed Apr 02 14:12:05 +0000 2025,"なこちゃん来てくれて本当にありがとう
プレゼントも嬉しすぎます(´；ω；｀)
お出かけ、ごはん、絶対行きたい～！！！",Liella!,,Lovelive!,,Liella!,,Lovelive!,
18,22,"喜んでもらえて嬉しいよ〜(*´ `)
これからもたくさん愛でさせてください🫶
また予定立てよう◎","I'm glad you're happy~(*´ `)
I hope you will continue to love me a lot from now on
Let's make plans again ◎",0.8779,Wed Apr 02 14:23:22 +0000 2025,"喜んでもらえて嬉しいよ〜(*´ `)
これからもたくさん愛でさせてください
また予定立てよう◎",Liella!,,Lovelive!,,Liella!,,Lovelive!,
16,18,"早起きさせてしまってごめんよ🥺
ご飯だー！！！","Sorry for letting me get up early
It's rice! ! !",0.2905,Mon Mar 31 03:38:40 +0000 2025,"早起きさせてしまってごめんよ
ご飯だー！！！",Liella!,,Lovelive!,,Liella!,,Lovelive!,
18,16,"ぜーんぜん!!
LINE送ってくれたの嬉しかったよ☺️☺️

お休みするのも大事!!
のんびりDayつくろうぜ☆","All!!
I'm glad you sent me a LINE message

It's also important to take a break!!
Let's make a relaxing day",0.8469,Mon Mar 31 03:53:11 +0000 2025,"ぜーんぜん!!
LINE送ってくれたの嬉しかったよ

お休みするのも大事!!
のんびりDayつくろうぜ",Liella!,,Lovelive!,,Liella!,,Lovelive!,
23,18,ツッコミは任せて💪,Leave the comments to me,0.0516,Wed Mar 12 14:42:36 +0000 2025,ツッコミは任せて,Liella!,,Lovelive!,,Liella!,,Lovelive!,
18,23,はっはっは(   ᷇࿀ ᷆  ),Hahaha ( ᷇࿀ ᷆ ),0.5574,Wed Mar 12 23:24:45 +0000 2025,はっはっは(   ᷇࿀ ᷆  ),Liella!,,Lovelive!,,Liella!,,Lovelive!,
23,18,🫶😗😬,,0.0,Sun Mar 09 06:42:19 +0000 2025,,Liella!,,Lovelive!,,Liella!,,Lovelive!,
3,18,"なこちゃ！お誕生日おめでとう🎂✨✨
素敵な一年になりますように！✨","Nakocha! happy birthday
I hope you have a wonderful year!",0.8975,Fri Mar 07 15:28:12 +0000 2025,"なこちゃ！お誕生日おめでとう
素敵な一年になりますように！",Nijigasaki,,Lovelive!,,Liella!,,Lovelive!,
24,18,"なこさん！
お誕生日おめでとうございますっ！💛
なこさんにとって素敵な一年になりますように🕊️✨","Nako!
Happy birthday!
I hope Nako will have a wonderful year",0.8975,Sat Mar 08 14:19:12 +0000 2025,"なこさん！
お誕生日おめでとうございますっ！
なこさんにとって素敵な一年になりますように",Hasunosora,,Lovelive!,,Liella!,,Lovelive!,
23,18,"なこなこなこなこなこ
あいらぶゆーーーー！おめでとう🫶","Nice konokoko
Airi Love Yu! Congratulations",0.9041,Fri Mar 07 15:57:21 +0000 2025,"なこなこなこなこなこ
あいらぶゆーーーー！おめでとう",Liella!,,Lovelive!,,Liella!,,Lovelive!,
19,18,"なこちゃんお誕生日おめでとう〜☺️🍰
かわいいよ〜〜好きだよ〜〜らぶっ💕","Happy birthday Nako-chan
It's so cute, I love you",0.919,Sat Mar 08 05:14:44 +0000 2025,"なこちゃんお誕生日おめでとう〜
かわいいよ〜〜好きだよ〜〜らぶっ",Liella!,,Lovelive!,,Liella!,,Lovelive!,
27,18,"なこさんー！
お誕生日おめでとうございます🎉🤍
素敵な一年にしてください
大好きです🥲","Nako-san!
happy birthday
Have a wonderful year
I love it",0.9168,Fri Mar 07 22:10:37 +0000 2025,"なこさんー！
お誕生日おめでとうございます
素敵な一年にしてください
大好きです",Hasunosora,,Lovelive!,,Liella!,,Lovelive!,
21,18,"なこーーーーーー❕💛
お誕生日おめでとうっっっっっ
なこと一緒に行きたいところも食べたいものも沢山沢山あるよ🥄
楽しいこと沢山しようね大好き☺️☺️","Nako
Happy birthday
There are many places you want to go to and eat together.
I love to do lots of fun things",0.91,Sat Mar 08 06:31:00 +0000 2025,"なこーーーーーー
お誕生日おめでとうっっっっっ
なこと一緒に行きたいところも食べたいものも沢山沢山あるよ
楽しいこと沢山しようね大好き",Liella!,,Lovelive!,,Liella!,,Lovelive!,
29,18,"なこさん💛

お誕生日おめでとうございます！
素敵な一年になりますように🌟","Nako

happy birthday!
I hope you have a wonderful year",0.8908,Sat Mar 08 02:30:51 +0000 2025,"なこさん

お誕生日おめでとうございます！
素敵な一年になりますように",Hasunosora,,Lovelive!,,Liella!,,Lovelive!,
19,18,めっちゃ好きです…🙏,I really like it...,0.4201,Wed Mar 05 14:33:20 +0000 2025,めっちゃ好きです…,Liella!,,Lovelive!,,Liella!,,Lovelive!,
18,19,うへへへへありがとへへへ,Thank you hehe,0.3612,Wed Mar 05 14:56:02 +0000 2025,うへへへへありがとへへへ,Liella!,,Lovelive!,,Liella!,,Lovelive!,
23,18,ﾏｰｰｰｰﾙｯ🙆‍♀️,Mmm,0.0,Tue Feb 25 12:52:54 +0000 2025,ﾏｰｰｰｰﾙｯ,Liella!,,Lovelive!,,Liella!,,Lovelive!,
18,23,タコパしよ🐙,Let's do octopus,0.0,Tue Feb 25 13:56:26 +0000 2025,タコパしよ,Liella!,,Lovelive!,,Liella!,,Lovelive!,
14,18,"お誕生日おめでとうーっ！◎🎂
ちぃちゃん大好きーーーーーーーっ！☺️
(なこもだーーーいすき)
ちぃちゃんの周りに沢山の丸を置きたい🙆‍♀️
#嵐千砂都生誕祭2025
#嵐千砂都誕生祭2025","Happy birthday! ◎
I love Chii-chan!
(I love Nakomoda)
I want to put lots of circles around Chii-chan
#Arashi Sensuna Birthday 2025
#Arashi Sensato Birthday Festival 2025",0.953,Tue Feb 25 12:49:20 +0000 2025,"お誕生日おめでとうーっ！◎
ちぃちゃん大好きーーーーーーーっ！
(なこもだーーーいすき)
ちぃちゃんの周りに沢山の丸を置きたい
#嵐千砂都生誕祭2025
#嵐千砂都誕生祭2025",Liella!,,Lovelive!,,Liella!,,Lovelive!,
18,14,"かのんちゃーーーん!!
ありがとう!!
たくさんのまる！ください！🙆‍♀️ﾏﾙｯ","Kananchan!!
thank you!!
Lots of rounds! please! Mal",0.7156,Tue Feb 25 13:53:40 +0000 2025,"かのんちゃーーーん!!
ありがとう!!
たくさんのまる！ください！ﾏﾙｯ",Liella!,,Lovelive!,,Liella!,,Lovelive!,
22,18,"ちぃちゃん！千砂都先輩！！
お誕生日おめでとうございます🎉✨✨
これからも、5yncri5e!もまるまるサークルでもよろしくお願いします！！🤍
#嵐千砂都生誕祭2025 
#嵐千砂都誕生祭2025","Chii-chan! Senpai Senpai! !
happy birthday
We hope you will continue to support 5yncri5e! in the Marumaru circle! !
#Arashi Sensuna Birthday 2025
#Arashi Sensato Birthday Festival 2025",0.9283,Tue Feb 25 01:59:41 +0000 2025,"ちぃちゃん！千砂都先輩！！
お誕生日おめでとうございます
これからも、5yncri5e!もまるまるサークルでもよろしくお願いします！！
#嵐千砂都生誕祭2025 
#嵐千砂都誕生祭2025",Liella!,,Lovelive!,,Liella!,,Lovelive!,
18,22,"ありがとう!!
まぁるい気持ちで楽しもうね〜🙆‍♀️ﾏﾙｯ","Thank you!!
Let's have fun with a relaxed feeling~",0.8774,Tue Feb 25 13:51:01 +0000 2025,"ありがとう!!
まぁるい気持ちで楽しもうね〜ﾏﾙｯ",Liella!,,Lovelive!,,Liella!,,Lovelive!,
23,18,"ちぃちゃん！！！🩷
お誕生日おめでとうございますっっ👏🎉
たこやきたこやきーーーーー🐙🙆‍♀️ﾏﾙｯ
#嵐千砂都生誕祭2025","Chii-chan! ! !
Happy birthday
Takoyaki Takoyaki-------------------------------------------------------------------------------------------------------------------------
#Arashi Sensuna Birthday 2025",0.6784,Mon Feb 24 23:12:46 +0000 2025,"ちぃちゃん！！！
お誕生日おめでとうございますっっ
たこやきたこやきーーーーーﾏﾙｯ
#嵐千砂都生誕祭2025",Liella!,,Lovelive!,,Liella!,,Lovelive!,
18,23,ありがとう〜🙆‍♀️ﾏﾙｯ,Thank you~Mal,0.3612,Tue Feb 25 13:50:01 +0000 2025,ありがとう〜ﾏﾙｯ,Liella!,,Lovelive!,,Liella!,,Lovelive!,
19,18,"優しくて可愛くてかっこいいちぃちゃん🙆‍♀️
大好きです☺️🫶
お誕生日おめでとう〜🐙💓","Kind, cute and cool Chii-chan
I love it
happy birthday~",0.9485,Tue Feb 25 03:42:16 +0000 2025,"優しくて可愛くてかっこいいちぃちゃん
大好きです
お誕生日おめでとう〜",Liella!,,Lovelive!,,Liella!,,Lovelive!,
18,19,"ありがと〜!!
ちぃも喜んでるよ🙆‍♀️ﾏﾙｯ","Thank you!!
Chii is happy too, yeah",0.8395,Tue Feb 25 13:51:29 +0000 2025,"ありがと〜!!
ちぃも喜んでるよﾏﾙｯ",Liella!,,Lovelive!,,Liella!,,Lovelive!,
15,18,千砂都誕生日おめでとう～～～！🎂◎,Happy birthday Chisunato! ◎,0.6114,Tue Feb 25 12:26:17 +0000 2025,千砂都誕生日おめでとう～～～！◎,Liella!,,Lovelive!,,Liella!,,Lovelive!,
18,15,"わーい！
謝謝〜🙆‍♀️ﾏﾙｯ","Yay!
Thank you so much",0.7345,Tue Feb 25 13:55:09 +0000 2025,"わーい！
謝謝〜ﾏﾙｯ",Liella!,,Lovelive!,,Liella!,,Lovelive!,
21,19,"いつも心に絵森彩ですわよ🤍ྀི
またやろうねお寿司=͟͞🍣","It's always Emori Aya in my heart ྀི
Let's do it again Sushi=͟͞",0.6369,Fri Jul 04 10:45:08 +0000 2025,"いつも心に絵森彩ですわよྀི
またやろうねお寿司=͟͞",Liella!,,Lovelive!,,Liella!,,Lovelive!,
19,21,"あっばれてる…！宿しますっ！！😳💓
お寿司〜楽しかった〜またやる〜☺️🍣","It's so hot...! I'll stay! !
Sushi was fun, I'll do it again",0.6341,Fri Jul 04 11:15:41 +0000 2025,"あっばれてる…！宿しますっ！！
お寿司〜楽しかった〜またやる〜",Liella!,,Lovelive!,,Liella!,,Lovelive!,
21,19,また4人で歌いたいね♡̴⟡.˚♡̴⟡.˚,I want to sing with the four of us again ̴.˚̴.˚,0.0772,Sun Jun 15 07:53:26 +0000 2025,また4人で歌いたいね̴.˚̴.˚,Liella!,,Lovelive!,,Liella!,,Lovelive!,
23,19,"ねぇぇぇぇ！！めっかわ🩵💜
さすがのん！ありがとうありがとう😆✨","Hey! ! I'm
As expected! Thank you thank you",0.7074,Wed Jun 11 10:38:00 +0000 2025,"ねぇぇぇぇ！！めっかわ
さすがのん！ありがとうありがとう",Liella!,,Lovelive!,,Liella!,,Lovelive!,
21,19,"あらっ！！！
おめでとう🎈🎈🎈","Oh! ! !
Congratulations",0.6981,Tue Jun 03 14:42:19 +0000 2025,"あらっ！！！
おめでとう",Liella!,,Lovelive!,,Liella!,,Lovelive!,
19,21,ありがとう！！！🙏✨️,Thank you! ! !,0.5229,Wed Jun 04 13:41:09 +0000 2025,ありがとう！！！,Liella!,,Lovelive!,,Liella!,,Lovelive!,
22,19,もう1回参加したいです！！！🥹,I want to participate again! ! !,0.2905,Fri May 30 03:00:07 +0000 2025,もう1回参加したいです！！！,Liella!,,Lovelive!,,Liella!,,Lovelive!,
23,19,"ねーーぇなぁにぃ！！！✨
嬉しいこと言ってくれるじゃなぁい(ฅ∀&lt;`๑)ﾃﾚｯ♡","That's right! ! !
He'll say something nice (ฅ∀&lt;`๑)Teree",0.5684,Sun May 25 12:48:25 +0000 2025,"ねーーぇなぁにぃ！！！
嬉しいこと言ってくれるじゃなぁい(ฅ∀&lt;`๑)ﾃﾚｯ",Liella!,,Lovelive!,,Liella!,,Lovelive!,
19,23,"いつも思ってるよ〜！
一緒にいるの好きだし安心する☺️💓
また遊びいこうねっ🫶🏻","I'm always thinking about it!
I love being with you so I feel safe
Let's play again",0.8766,Sun May 25 13:22:59 +0000 2025,"いつも思ってるよ〜！
一緒にいるの好きだし安心する
また遊びいこうねっ",Liella!,,Lovelive!,,Liella!,,Lovelive!,
14,20,"公式さんの動画見ました
かわいかったです","I watched the official video
It was cute",0.4588,Wed Jul 09 14:55:03 +0000 2025,"公式さんの動画見ました
かわいかったです",Liella!,,Lovelive!,,Liella!,,Lovelive!,
17,20,"あかね！🍡
また一緒にもぐもぐしようね〜🫶","Akane!
Let's smug it together again",0.2714,Thu Mar 27 14:26:24 +0000 2025,"あかね！
また一緒にもぐもぐしようね〜",Liella!,,Lovelive!,,Liella!,,Lovelive!,
19,20,わ〜い！やった☺️🫶,Yay! I did it,0.5707,Sat Mar 22 13:14:53 +0000 2025,わ〜い！やった,Liella!,,Lovelive!,,Liella!,,Lovelive!,
23,21,当分、食べられないからね☺️,I won't be able to eat it for a while,0.0,Sat Jul 05 07:07:53 +0000 2025,当分、食べられないからね,Liella!,,Lovelive!,,Liella!,,Lovelive!,
21,23,じゃあかわりにゆいなのきゅうり食べちゃおうかな🥒,"So instead, I think I'll eat Yuina's cucumber",0.0,Sat Jul 05 07:17:36 +0000 2025,じゃあかわりにゆいなのきゅうり食べちゃおうかな,Liella!,,Lovelive!,,Liella!,,Lovelive!,
23,21,"彩、、本当にありがとう…！！！
あやにも色んな想いあるはずなのに
自分の気持ち掻き消して、
ずっと優しく見守ってくれて。
本当に本当にありがとう😭🩵🩷","Aya, thank you so much...! ! !
Aya must have a lot of feelings too
Drown out your own feelings,
You kept watching over me kindly.
Thank you so much",0.6571,Fri Jun 13 13:50:52 +0000 2025,"彩、、本当にありがとう…！！！
あやにも色んな想いあるはずなのに
自分の気持ち掻き消して、
ずっと優しく見守ってくれて。
本当に本当にありがとう",Liella!,,Lovelive!,,Liella!,,Lovelive!,
21,23,"マルちゃん結那2人ともよく頑張ったよえらい☺️
可愛い1年生のためならお姉ちゃんいくらでも頑張れまする❕💪🏻🔥 ̖́-","Both Maruchan Yuna did a great job
For the cute first year student, my sister can do her best as much as she wants. ̖́-",0.9062,Sat Jun 14 01:18:33 +0000 2025,"マルちゃん結那2人ともよく頑張ったよえらい
可愛い1年生のためならお姉ちゃんいくらでも頑張れまする ̖́-",Liella!,,Lovelive!,,Liella!,,Lovelive!,
17,21,🫰💞,,0.0,Tue Jun 03 01:12:15 +0000 2025,,Liella!,,Lovelive!,,Liella!,,Lovelive!,
21,17,ふふふ☺️🫶,Fufufu,0.0,Tue Jun 03 10:18:38 +0000 2025,ふふふ,Liella!,,Lovelive!,,Liella!,,Lovelive!,
23,21,これは。私なのかもしれない(ﾟ∀ﾟ)人(ﾟ∀ﾟ),This. Maybe it's me (ﾟ∀ﾟ)People(ﾟ∀ﾟ),0.0,Tue Jun 03 05:15:58 +0000 2025,これは。私なのかもしれない(ﾟ∀ﾟ)人(ﾟ∀ﾟ),Liella!,,Lovelive!,,Liella!,,Lovelive!,
21,23,そう。ゆいなかもしれないっ| ᐕ),Yes. It might be Yuina | ᐕ),0.4019,Tue Jun 03 10:19:31 +0000 2025,そう。ゆいなかもしれないっ| ᐕ),Liella!,,Lovelive!,,Liella!,,Lovelive!,
23,21,彩のおねーちゃんです🙌🩵,This is Aya's sister,0.0,Wed May 07 12:57:02 +0000 2025,彩のおねーちゃんです,Liella!,,Lovelive!,,Liella!,,Lovelive!,
21,23,とてつもない安心感🩵ྀི🩵ྀི🩵ྀི,Amazing sense of security,0.7351,Wed May 07 13:15:18 +0000 2025,とてつもない安心感ྀིྀིྀི,Liella!,,Lovelive!,,Liella!,,Lovelive!,
23,21,いいぞあやち🙂ブレはエモい。,"It's great, Ayachi is emotional.",0.6908,Tue May 06 09:32:10 +0000 2025,いいぞあやちブレはエモい。,Liella!,,Lovelive!,,Liella!,,Lovelive!,
21,23,絵森だけに？？？？？？😏💗,Only for Emori? ? ? ? ? ?,0.0,Tue May 06 11:09:20 +0000 2025,絵森だけに？？？？？？,Liella!,,Lovelive!,,Liella!,,Lovelive!,
23,22,えええ！！！すごいすごい！！！！💫,Yes! ! ! Amazing! ! ! !,0.8257,Thu Jun 05 13:51:00 +0000 2025,えええ！！！すごいすごい！！！！,Liella!,,Lovelive!,,Liella!,,Lovelive!,
22,23,ゆいなに会いたい🥺,I want to meet Yuina,0.0772,Thu Jun 05 13:52:21 +0000 2025,ゆいなに会いたい,Liella!,,Lovelive!,,Liella!,,Lovelive!,
23,22,うおおお！！！きゃわきゃわっ🪼🩵,"Woooo! ! ! Ah, ah, ah, ah, ah",0.0,Fri May 30 05:30:09 +0000 2025,うおおお！！！きゃわきゃわっ,Liella!,,Lovelive!,,Liella!,,Lovelive!,
23,22,ありがとうありがとう😭🩵💜,Thank you,0.3612,Wed May 28 14:44:22 +0000 2025,ありがとうありがとう,Liella!,,Lovelive!,,Liella!,,Lovelive!,
22,23,照🥹💞,,0.0,Thu May 29 03:49:04 +0000 2025,照,Liella!,,Lovelive!,,Liella!,,Lovelive!,
16,22,"さくちゃんありがとー！！
え〜嬉しすぎるなぁ…🥹笑
一緒に頑張ろね😉","Thank you Saku-chan! !
Eh, I'm so happy... ha ha
Let's work hard together",0.9147,Fri May 16 02:52:01 +0000 2025,"さくちゃんありがとー！！
え〜嬉しすぎるなぁ…笑
一緒に頑張ろね",Liella!,,Lovelive!,,Liella!,,Lovelive!,
21,22,"あっっっっっ気づいちゃった？？？😳😳
アイ なんだよね〜🥹","Ah, did you notice it? ? ?
What is it?",0.0,Thu May 08 05:47:47 +0000 2025,"あっっっっっ気づいちゃった？？？
アイ なんだよね〜",Liella!,,Lovelive!,,Liella!,,Lovelive!,
22,21,愛、アイ、Eye、、、😭💖,"Love, Eye, Eye...",0.6369,Thu May 08 09:56:54 +0000 2025,愛、アイ、Eye、、、,Liella!,,Lovelive!,,Liella!,,Lovelive!,
16,22,丁寧な扱いにポニテが喜んでいますわよ😘,Ponyte is pleased with the polite treatment,0.4404,Thu May 08 10:56:18 +0000 2025,丁寧な扱いにポニテが喜んでいますわよ,Liella!,,Lovelive!,,Liella!,,Lovelive!,
19,22,きな子ちゃん喜ぶよ〜！ありがとうっ☺️🦊,Kinako will be happy! Thank you,0.7574,Sun May 04 05:18:28 +0000 2025,きな子ちゃん喜ぶよ〜！ありがとうっ,Liella!,,Lovelive!,,Liella!,,Lovelive!,
22,19,わー！嬉しい！いっぱい聴く🥹🤍,Wow! happy! Listen to lots,0.8436,Sun May 04 05:24:50 +0000 2025,わー！嬉しい！いっぱい聴く,Liella!,,Lovelive!,,Liella!,,Lovelive!,
23,22,ないす！冬毬んメッセ！！！！👏🪼🩵,Naiss! Fuyumarin Messe! ! ! !,0.0,Sat May 03 13:25:12 +0000 2025,ないす！冬毬んメッセ！！！！,Liella!,,Lovelive!,,Liella!,,Lovelive!,
22,23,へい！とまりんめっせ！🪼🪼,Hey! Tomarin Memes!,0.0,Sat May 03 14:02:15 +0000 2025,へい！とまりんめっせ！,Liella!,,Lovelive!,,Liella!,,Lovelive!,
21,22,"とまちゃんらぶらぶちゅっちゅっちゅっだよ〜🩷ྀི🩷ྀི🩷ྀི
ちゅきちゅきらぶりん愛情止まらんよ〜🩵ྀི🩵ྀི🩵ྀི","Tomachan is hanging out and kissing
I can't stop loving my heart",0.7678,Sat May 03 15:01:45 +0000 2025,"とまちゃんらぶらぶちゅっちゅっちゅっだよ〜ྀིྀིྀི
ちゅきちゅきらぶりん愛情止まらんよ〜ྀིྀིྀི",Liella!,,Lovelive!,,Liella!,,Lovelive!,
23,22,"こういう動画好きです！！👏
また待ってます☺️🌸","I love videos like this! !
I'll wait again",0.8065,Thu Apr 17 12:30:28 +0000 2025,"こういう動画好きです！！
また待ってます",Liella!,,Lovelive!,,Liella!,,Lovelive!,
22,23,嬉しいです❕また是非出演してください！！✨,"I'm so happy, please come and appear again! !",0.8361,Fri Apr 18 04:24:59 +0000 2025,嬉しいですまた是非出演してください！！,Liella!,,Lovelive!,,Liella!,,Lovelive!,
23,22,"いっちゃん嬉しい言葉！！！笑
最高だった！呼んでくれてありがとう🐾🌸","Icchan's happy words! ! ! lol
It was the best! Thank you for calling me",0.9368,Wed Apr 09 13:33:04 +0000 2025,"いっちゃん嬉しい言葉！！！笑
最高だった！呼んでくれてありがとう",Liella!,,Lovelive!,,Liella!,,Lovelive!,
22,23,こちらこそありがとう！🥹︎🫶🏻︎💕︎,Thank you very much! ︎︎︎,0.4199,Wed Apr 09 13:35:06 +0000 2025,こちらこそありがとう！︎︎︎,Liella!,,Lovelive!,,Liella!,,Lovelive!,
23,22,🐈🐾,,0.0,Wed Apr 09 01:49:28 +0000 2025,,Liella!,,Lovelive!,,Liella!,,Lovelive!,
16,23,可愛かった🙂笑,was so cute lol,0.7873,Mon Jul 07 13:47:28 +0000 2025,可愛かった笑,Liella!,,Lovelive!,,Liella!,,Lovelive!,
23,16,ねぇ、優しい。ぐふふふふ(ૢ˃ꌂ˂⁎),"Hey, it's kind. Gufufufufu(ૢ˃ꌂ˂⁎)",0.5267,Wed Jul 09 05:56:43 +0000 2025,ねぇ、優しい。ぐふふふふ(ૢ˃ꌂ˂⁎),Liella!,,Lovelive!,,Liella!,,Lovelive!,
21,23,あいす🍨,,0.0,Sun Jun 29 01:02:59 +0000 2025,あいす,Liella!,,Lovelive!,,Liella!,,Lovelive!,
23,21,"🍨 𐃆 ˒˒( ◍′༥‵*◍)ŧ‹""ŧ‹""","𐃆 ˒˒( ◍'༥‵*◍)ŧ‹""ŧ‹""",0.0,Mon Jun 30 03:35:04 +0000 2025,"𐃆 ˒˒( ◍′༥‵*◍)ŧ‹""ŧ‹""",Liella!,,Lovelive!,,Liella!,,Lovelive!,
34,24,"大丈夫？

ついててあげようか？","Are you okay?

Shall I follow you?",0.3094,Thu Jul 10 14:18:52 +0000 2025,"大丈夫？

ついててあげようか？",Hasunosora,,Lovelive!,,Hasunosora,,Lovelive!,
24,34,"お布団入ったらいつのまにか寝てたからだいじょぶ！ほんと！！
ｱﾘｶﾞﾄﾈ:(  '-'   ):","When I got my futon I was asleep before I knew it, so it was fine! real! !
Arigatone:( '-' ):",0.3843,Fri Jul 11 04:16:20 +0000 2025,"お布団入ったらいつのまにか寝てたからだいじょぶ！ほんと！！
ｱﾘｶﾞﾄﾈ:(  '-'   ):",Hasunosora,,Lovelive!,,Hasunosora,,Lovelive!,
33,24,"ムービーもヤンジャンも見た…一緒に瀬戸内旅行した記憶が🧠💭
veryかわいかった🤤👍︎💕︎","I watched the movie and Young Jump...I remember traveling in the Setouchi area together
It was very cute ︎",0.5095,Thu Jun 12 14:08:43 +0000 2025,"ムービーもヤンジャンも見た…一緒に瀬戸内旅行した記憶が
veryかわいかった︎︎",Hasunosora,,Lovelive!,,Hasunosora,,Lovelive!,
34,24,そうだったの……！？わたしも素敵な笑顔の後ろで残像として舞えてすっごく嬉しいし、どんな瞬間ののんちゃんも大好きだよ🐰🧡🫶🌞,"That's right...! ? I'm so happy to be able to dance as an afterimage behind her beautiful smile, and I love Non-chan at any moment",0.9488,Mon Jun 02 09:06:44 +0000 2025,そうだったの……！？わたしも素敵な笑顔の後ろで残像として舞えてすっごく嬉しいし、どんな瞬間ののんちゃんも大好きだよ,Hasunosora,,Lovelive!,,Hasunosora,,Lovelive!,
24,34,"➵♥´ཫ`   )ｸﾞﾊｯ
嬉しすぎる…ありがとう👑✨","´ཫ` )Goot ha ha
I'm so happy...thank you",0.5859,Mon Jun 02 13:38:50 +0000 2025,"´ཫ`   )ｸﾞﾊｯ
嬉しすぎる…ありがとう",Hasunosora,,Lovelive!,,Hasunosora,,Lovelive!,
26,24,"！おめでとうお誕生日がーる🎂！
もういっぱい歌ったけどいつでもはっぴーばーすでーの歌歌うから聞きたい時言ってね🕺美味しいもの食べていっぱい寝て幸せに過ごせますように🕊️","! Congratulations on your birthday!
I've sang a lot already, but I'll always sing about Happy Birthday, so whenever I want, I'll tell you when I want to eat delicious food, sleep a lot, and be happy",0.9701,Wed May 21 14:15:01 +0000 2025,"！おめでとうお誕生日がーる！
もういっぱい歌ったけどいつでもはっぴーばーすでーの歌歌うから聞きたい時言ってね美味しいもの食べていっぱい寝て幸せに過ごせますように",Hasunosora,,Lovelive!,,Hasunosora,,Lovelive!,
24,26,"ひー！ありがとう！🩵
いっぱい歌ってくれてありがとね😂
嬉しかったよん♪
これからもよろしくね🍒💐","Hi! thank you!
Thank you for singing so much
I was happy
Please continue to look forward to it in the future",0.8906,Thu May 22 06:04:19 +0000 2025,"ひー！ありがとう！
いっぱい歌ってくれてありがとね
嬉しかったよん
これからもよろしくね",Hasunosora,,Lovelive!,,Hasunosora,,Lovelive!,
33,24,"のんちゃんお誕生日おめでとうございます✨🎂
いつも満開の笑顔とのんちゃんとのトークに元気もらってます☀️⸝⸝◜~◝⸝⸝
素敵な一年になりますように🌟⋆꙳","Happy birthday to Non-chan
I'm always cheered up by the smiles in full bloom and the chats between Non-chan ⸝⸝◜~◝⸝⸝
I hope you have a wonderful year ⋆꙳",0.9493,Tue May 20 16:06:00 +0000 2025,"のんちゃんお誕生日おめでとうございます
いつも満開の笑顔とのんちゃんとのトークに元気もらってます⸝⸝◜~◝⸝⸝
素敵な一年になりますように⋆꙳",Hasunosora,,Lovelive!,,Hasunosora,,Lovelive!,
24,33,"あまちゃん！ありがとう〜！🫶
そう言ってもらえて嬉しい☺️
パワフルでカッコいいあまちゃんは私の憧れだよ✨
これからもよろしくね！","Amachan! thank you~!
I'm glad you said that
A powerful and cool amateur is my dream
Please continue to look forward to it in the future!",0.9297,Wed May 21 01:10:12 +0000 2025,"あまちゃん！ありがとう〜！
そう言ってもらえて嬉しい
パワフルでカッコいいあまちゃんは私の憧れだよ
これからもよろしくね！",Hasunosora,,Lovelive!,,Hasunosora,,Lovelive!,
19,24,"のんちゅけちゃんお誕生日おめでとう〜☺️💕
素敵な1年になりますように🫶","Happy birthday to Nonchuke-chan
I hope you have a wonderful year",0.8834,Wed May 21 06:32:45 +0000 2025,"のんちゅけちゃんお誕生日おめでとう〜
素敵な1年になりますように",Liella!,,Lovelive!,,Hasunosora,,Lovelive!,
24,19,"のんちゃんさん！💛
ありがとうございます！⸜(*ˊᗜˋ*)⸝","Non-chan!
thank you! ⸜(*ˊᗜˋ*)⸝",0.4738,Thu May 22 06:05:14 +0000 2025,"のんちゃんさん！
ありがとうございます！⸜(*ˊᗜˋ*)⸝",Hasunosora,,Lovelive!,,Liella!,,Lovelive!,
22,24,"のぞみんお誕生日おめでとう！！🌼🎉
また今度美味しい物食べに行こ〜🥹
素敵な一年になりますように！！🫶","Happy birthday to Nozomin! !
I'll go and eat some delicious food again next time
I hope you have a wonderful year! !",0.9448,Tue May 20 22:21:03 +0000 2025,"のぞみんお誕生日おめでとう！！
また今度美味しい物食べに行こ〜
素敵な一年になりますように！！",Liella!,,Lovelive!,,Hasunosora,,Lovelive!,
24,22,"さくらん🌸
ありがとうー！！
行こ行こ！！🫶","Thank you! !
Let's go! !",0.5673,Thu May 22 05:59:04 +0000 2025,"さくらん
ありがとうー！！
行こ行こ！！",Hasunosora,,Lovelive!,,Liella!,,Lovelive!,
34,24,"🎂のんちゃんお誕生日おめでとう🎂
頼もしくて優しくて可愛くて癒しで、書いていくときりがないんだけど、大好き🫶
この一年も美味しいものいっぱい食べて過ごしてね☺️☺️☺️☺️☺️☺️☺️☺️☺️☺️☺️☺️","Happy birthday Non-chan
It's reliable, kind, cute, and soothing, and I can't help but write about it, but I love it
Have a lot of delicious food this year",0.9547,Tue May 20 22:26:49 +0000 2025,"のんちゃんお誕生日おめでとう
頼もしくて優しくて可愛くて癒しで、書いていくときりがないんだけど、大好き
この一年も美味しいものいっぱい食べて過ごしてね",Hasunosora,,Lovelive!,,Hasunosora,,Lovelive!,
24,34,"みーちゃんありがとう！！❤️
一緒に美味しいものいっぱい食べに行こうね！🥰
こちらこそ大好きよ(♡´▽`♡)！","Thank you Mi-chan! !
Let's go and eat lots of delicious food together!
I love you (´▽`)!",0.9112,Thu May 22 05:59:54 +0000 2025,"みーちゃんありがとう！！
一緒に美味しいものいっぱい食べに行こうね！
こちらこそ大好きよ(´▽`)！",Hasunosora,,Lovelive!,,Hasunosora,,Lovelive!,
25,24,"これが……結婚？！

2人の愛は…Xにも認証されたね🥹","Is this... marriage? !

Their love is also verified by X.",0.6696,Sat May 03 08:21:02 +0000 2025,"これが……結婚？！

2人の愛は…Xにも認証されたね",Hasunosora,,Lovelive!,,Hasunosora,,Lovelive!,
24,25,"Xにも認められて

晴れて…💍✅","Also recognized by X

It's sunny...",0.4215,Sat May 03 14:22:31 +0000 2025,"Xにも認められて

晴れて…",Hasunosora,,Lovelive!,,Hasunosora,,Lovelive!,
21,24,ちゅけ〜🥰🥰🥰🥰🥰,chuckle,0.4019,Tue Feb 04 03:54:00 +0000 2025,ちゅけ〜,Liella!,,Lovelive!,,Hasunosora,,Lovelive!,
24,21,"(,,&gt; &lt;,,)ｷｬｰ!!嬉しい！
ありがとうございますっっ！！
彩ちゃん〜🥰🥰🥰🥰🥰","(,,&gt; &lt;,,)Kya!! I'm so happy!
Thank you very much! !
Aya-chan",0.8654,Tue Feb 04 11:57:52 +0000 2025,"(,,&gt; &lt;,,)ｷｬｰ!!嬉しい！
ありがとうございますっっ！！
彩ちゃん〜",Hasunosora,,Lovelive!,,Liella!,,Lovelive!,
33,25,これはこれは…𓏸︎︎︎︎𓈒🥂𓂃乾ෆ⃛杯𓂃🥂𓈒𓏸︎︎︎︎,This is...𓏸︎︎︎𓈒𓂃Dinning ෆ⃛ Cup𓂃𓈒𓏸︎︎︎︎,0.0,Wed Jun 18 12:28:00 +0000 2025,これはこれは…𓏸︎︎︎︎𓈒𓂃乾ෆ⃛杯𓂃𓈒𓏸︎︎︎︎,Hasunosora,,Lovelive!,,Hasunosora,,Lovelive!,
25,33,"付き合ってくれるの？
かんぱ〜い🥂✨","Will you date me?
It's so good",0.5777,Wed Jun 18 12:32:02 +0000 2025,"付き合ってくれるの？
かんぱ〜い",Hasunosora,,Lovelive!,,Hasunosora,,Lovelive!,
29,26,吟子ちゃんに「小鈴ちゃんにまた勉強教えてあげて」って伝えて…………,"Tell Ginko-chan, ""Please teach Kosuzu-chan again to study""...",0.3182,Fri Jul 11 12:14:41 +0000 2025,吟子ちゃんに「小鈴ちゃんにまた勉強教えてあげて」って伝えて…………,Hasunosora,,Lovelive!,,Hasunosora,,Lovelive!,
26,29,"そうするわね
みんなで乗り越えてほしいね📔","I'll do that
I hope everyone can get through it",0.4404,Fri Jul 11 12:37:25 +0000 2025,"そうするわね
みんなで乗り越えてほしいね",Hasunosora,,Lovelive!,,Hasunosora,,Lovelive!,
29,26,"早起きお疲れ様🛏️
ひーの分も寝といたからね","Thank you for your hard work on getting up early
I've been sleeping for Hi too",0.2732,Sun Jul 06 10:49:24 +0000 2025,"早起きお疲れ様
ひーの分も寝といたからね",Hasunosora,,Lovelive!,,Hasunosora,,Lovelive!,
26,29,"それを聞いて心がとても満たされた🤝
寝てくれてありがとうな","I was very satisfied with hearing that
Thank you for sleeping",0.6801,Sun Jul 06 11:03:08 +0000 2025,"それを聞いて心がとても満たされた
寝てくれてありがとうな",Hasunosora,,Lovelive!,,Hasunosora,,Lovelive!,
32,26,ん〜？♡,Hmm?,0.0,Mon Jun 23 12:33:10 +0000 2025,ん〜？,Hasunosora,,Lovelive!,,Hasunosora,,Lovelive!,
26,32,筆頭様におかれましては,For the lead,0.0,Mon Jun 23 12:38:43 +0000 2025,筆頭様におかれましては,Hasunosora,,Lovelive!,,Hasunosora,,Lovelive!,
29,26,"へっ、へへ
そんな褒めなくてもっ","Heh, heh
You don't have to praise that",0.6278,Mon Jun 23 16:02:19 +0000 2025,"へっ、へへ
そんな褒めなくてもっ",Hasunosora,,Lovelive!,,Hasunosora,,Lovelive!,
26,29,"可愛い徒町かわちまち
可笑しい徒町おかしまち","Cute Kawachimachi
Funny Tsuchimachi Okashimachi",0.7096,Tue Jun 24 09:07:11 +0000 2025,"可愛い徒町かわちまち
可笑しい徒町おかしまち",Hasunosora,,Lovelive!,,Hasunosora,,Lovelive!,
33,26,あんやとう🫶,,0.0,Fri May 30 14:33:45 +0000 2025,あんやとう,Hasunosora,,Lovelive!,,Hasunosora,,Lovelive!,
34,26,絶対夏,Absolute summer,0.0,Tue May 20 22:33:12 +0000 2025,絶対夏,Hasunosora,,Lovelive!,,Hasunosora,,Lovelive!,
26,34,取り戻しておいで春を,Come back and have spring,0.0,Tue May 20 22:35:04 +0000 2025,取り戻しておいで春を,Hasunosora,,Lovelive!,,Hasunosora,,Lovelive!,
34,26,ひーちゃんありがと🫶らぶ🤝,Thanks for Hi-chan,0.4404,Thu May 08 07:59:42 +0000 2025,ひーちゃんありがとらぶ,Hasunosora,,Lovelive!,,Hasunosora,,Lovelive!,
26,34,にこにこ🫶みーtoo🤝,Smile too,0.3612,Thu May 08 10:51:45 +0000 2025,にこにこみーtoo,Hasunosora,,Lovelive!,,Hasunosora,,Lovelive!,
34,26,ありがとう。,Thank you.,0.3612,Wed May 07 12:15:00 +0000 2025,ありがとう。,Hasunosora,,Lovelive!,,Hasunosora,,Lovelive!,
31,27,大丈夫？？？？？🥺💦おねいちゃんお仕事いってて守ってあげられなくてごめんね？？？？😖🙏😿😿😿すぐ叩き潰しに行くからね！！！！！！✋✋✋💥💥💥,"Are you okay? ? ? ? ? Sorry about not being able to protect your sister because she's working, right? ? ? ? I'll go and crush it right away! ! ! ! ! !",0.6935,Tue Jun 17 14:38:26 +0000 2025,大丈夫？？？？？おねいちゃんお仕事いってて守ってあげられなくてごめんね？？？？すぐ叩き潰しに行くからね！！！！！！,Hasunosora,,Lovelive!,,Hasunosora,,Lovelive!,
27,31,"おはようこなち
もう遅いけど嬉しいな、ありがと
猫耳可愛かったよ🐈
おつかれさま","Good morning
It's late but I'm happy, thank you
Cat ears were cute
good work",0.959,Wed Jun 18 00:32:31 +0000 2025,"おはようこなち
もう遅いけど嬉しいな、ありがと
猫耳可愛かったよ
おつかれさま",Hasunosora,,Lovelive!,,Hasunosora,,Lovelive!,
34,27,なっすちゃんのサイドテールとんでもなく良いんだよなこれが……🤦‍♀️,Nassu's side tail is incredibly good...,0.4927,Thu Jun 12 08:47:38 +0000 2025,なっすちゃんのサイドテールとんでもなく良いんだよなこれが……,Hasunosora,,Lovelive!,,Hasunosora,,Lovelive!,
24,27,"なっすちゃんありがとう💙
今までも十分すぎるくらいに助けてもらってきて、頼ってばっかりの私だけど
でもやっぱりなっすちゃんがいてくれると心強くて安心するんだよ🥲

お姉ちゃんとして、なっすちゃんにかっこいいって言ってもらえる存在でいられるように頑張るね！","Thank you Nassu-chan
I've been helping me more than enough, and I've always relied on it
But I feel reassured and relieved when Nassu-chan is there

As an older sister, I'll do my best to be someone who gets Nassu-chan to say she's cool!",0.9604,Thu May 22 06:00:27 +0000 2025,"なっすちゃんありがとう
今までも十分すぎるくらいに助けてもらってきて、頼ってばっかりの私だけど
でもやっぱりなっすちゃんがいてくれると心強くて安心するんだよ

お姉ちゃんとして、なっすちゃんにかっこいいって言ってもらえる存在でいられるように頑張るね！",Hasunosora,,Lovelive!,,Hasunosora,,Lovelive!,
34,27,らぶ……🫶🫶,Love...,0.6369,Mon May 12 10:59:14 +0000 2025,らぶ……,Hasunosora,,Lovelive!,,Hasunosora,,Lovelive!,
34,27,ｶｯｯｯｯｯ😭🫶💕🙇🙇‍♀️🙇‍♂️,,0.0,Sun May 11 13:41:55 +0000 2025,ｶｯｯｯｯｯ,Hasunosora,,Lovelive!,,Hasunosora,,Lovelive!,
34,27,ライブ！！！🫶🫶🫶,Live! ! !,0.0,Sun Apr 27 14:30:21 +0000 2025,ライブ！！！,Hasunosora,,Lovelive!,,Hasunosora,,Lovelive!,
33,27,ライブ！,Live!,0.0,Sun Apr 27 14:15:53 +0000 2025,ライブ！,Hasunosora,,Lovelive!,,Hasunosora,,Lovelive!,
19,27,(  ´˘`  )💓💓,( ´˘` ),0.0,Thu Apr 17 14:27:46 +0000 2025,(  ´˘`  ),Liella!,,Lovelive!,,Hasunosora,,Lovelive!,
34,28,わーい🙋‍♀️,Yay,0.5267,Wed May 28 11:58:11 +0000 2025,わーい,Hasunosora,,Lovelive!,,Hasunosora,,Lovelive!,
28,34,サクサクで中に何か挟まってておいしかった🐱ありがとう🐱,It was crispy and something was stuck inside and it was delicious. Thank you,0.6369,Wed May 28 12:19:16 +0000 2025,サクサクで中に何か挟まってておいしかったありがとう,Hasunosora,,Lovelive!,,Hasunosora,,Lovelive!,
27,28,"2ショットもありがとうございました！
めちゃめちゃ可愛かったです！","Thank you for the two shots too!
It was so cute!",0.7876,Sat May 24 11:50:29 +0000 2025,"2ショットもありがとうございました！
めちゃめちゃ可愛かったです！",Hasunosora,,Lovelive!,,Hasunosora,,Lovelive!,
28,27,こちらこそありがとうございました！不思議な方ですごく印象に残りました！,Thank you very much! It was such a strange person and was a very memorable thing!,0.3147,Sat May 24 12:18:23 +0000 2025,こちらこそありがとうございました！不思議な方ですごく印象に残りました！,Hasunosora,,Lovelive!,,Hasunosora,,Lovelive!,
29,28,あれ、、、お友達2人目も、、、,"Oh, my second friend too...",0.4939,Mon May 19 14:28:11 +0000 2025,あれ、、、お友達2人目も、、、,Hasunosora,,Lovelive!,,Hasunosora,,Lovelive!,
28,29,"なかよしでしょ？❤️
あ、それと2人目と3人目なんだ！よろしくね🐱","It's friendly, right?
Oh, and it's the second and third! Please",0.6996,Mon May 19 14:33:01 +0000 2025,"なかよしでしょ？
あ、それと2人目と3人目なんだ！よろしくね",Hasunosora,,Lovelive!,,Hasunosora,,Lovelive!,
26,29,"ハーフツインにしたっていい
しなくたっていい","It's fine to make it half twin
It's fine if you don't have to",0.3818,Mon Jun 30 06:41:29 +0000 2025,"ハーフツインにしたっていい
しなくたっていい",Hasunosora,,Lovelive!,,Hasunosora,,Lovelive!,
29,26,あなたいつもハーフツイン言うてない？？,You don't always say half twin? ?,0.0,Mon Jun 30 06:42:35 +0000 2025,あなたいつもハーフツイン言うてない？？,Hasunosora,,Lovelive!,,Hasunosora,,Lovelive!,
28,29,ふーちゃんと一緒に乗ったおかげで見つけられたよありがとう,"Thanks for riding with Fu-chan, I was able to find it.",0.4404,Sat Jun 28 12:38:09 +0000 2025,ふーちゃんと一緒に乗ったおかげで見つけられたよありがとう,Hasunosora,,Lovelive!,,Hasunosora,,Lovelive!,
29,28,"4回も乗ったもん！！
一緒に見つけられてよかった🥰","I rode it four times! !
I'm glad we found it together",0.555,Sat Jun 28 12:40:29 +0000 2025,"4回も乗ったもん！！
一緒に見つけられてよかった",Hasunosora,,Lovelive!,,Hasunosora,,Lovelive!,
28,29,アッシュくんかばんを手作りしてあげちゃった💕似合ってるね❤️,Ash-kun made a bag for you and it suits you,0.0,Sun Jun 01 13:41:26 +0000 2025,アッシュくんかばんを手作りしてあげちゃった似合ってるね,Hasunosora,,Lovelive!,,Hasunosora,,Lovelive!,
29,28,ありがとね😭大切にしますっ！！！,"Thank you so much, I'll take care of it! ! !",0.7633,Sun Jun 01 13:51:21 +0000 2025,ありがとね大切にしますっ！！！,Hasunosora,,Lovelive!,,Hasunosora,,Lovelive!,
34,30,恥ずかしいって言ったのに……🙈💕,I said it was embarrassing...,0.3818,Fri May 23 12:35:12 +0000 2025,恥ずかしいって言ったのに……,Hasunosora,,Lovelive!,,Hasunosora,,Lovelive!,
30,34,美羽ごめんな...💓,Sorry Miu...,0.0772,Fri May 23 14:38:55 +0000 2025,美羽ごめんな...,Hasunosora,,Lovelive!,,Hasunosora,,Lovelive!,
28,31,3人ともかわいい🐱ディズニーたのしかったね🐱,All three of us were so cute Disney.,0.5949,Sun Jul 13 10:53:31 +0000 2025,3人ともかわいいディズニーたのしかったね,Hasunosora,,Lovelive!,,Hasunosora,,Lovelive!,
31,28,"まーじでたのしかったしおもろかったww🧜‍♀️
世界で一番ディズニー満喫したね","It was really fun and fun lol
I enjoyed Disney the most in the world",0.9225,Sun Jul 13 11:29:29 +0000 2025,"まーじでたのしかったしおもろかったww
世界で一番ディズニー満喫したね",Hasunosora,,Lovelive!,,Hasunosora,,Lovelive!,
29,31,"お邪魔しました！
楽しかった！！またあそぼーね！","I've come!
it was fun! ! Let's play again!",0.7825,Fri Jul 11 08:19:01 +0000 2025,"お邪魔しました！
楽しかった！！またあそぼーね！",Hasunosora,,Lovelive!,,Hasunosora,,Lovelive!,
27,31,"お世話になりました☺️
しーちゃんによろしくね","Thank you for your help
Please look forward to Shi-chan",0.7579,Fri Jul 11 08:25:30 +0000 2025,"お世話になりました
しーちゃんによろしくね",Hasunosora,,Lovelive!,,Hasunosora,,Lovelive!,
32,31,すきすきすきすきすきすきすきすき,I love you love you love you love you love,0.9719,Wed Jun 25 15:08:56 +0000 2025,すきすきすきすきすきすきすきすき,Hasunosora,,Lovelive!,,Hasunosora,,Lovelive!,
29,31,せんぱい(*´∇｀*),Senpai (*´∇｀*),0.0,Wed Jun 25 15:13:50 +0000 2025,せんぱい(*´∇｀*),Hasunosora,,Lovelive!,,Hasunosora,,Lovelive!,
27,31,"結局は常闇なんだよね。
私の推しの物間もよろしくお願いします","In the end it's always darkness.
Please also take care of my favorites",0.743,Thu May 08 08:13:24 +0000 2025,"結局は常闇なんだよね。
私の推しの物間もよろしくお願いします",Hasunosora,,Lovelive!,,Hasunosora,,Lovelive!,
31,27,常闇と髪をおろした切島よりメロがりを奏でられるか？？？,"Can you play more melodic than Todani and Kirishima, who has lost his hair? ? ?",0.163,Thu May 08 08:19:19 +0000 2025,常闇と髪をおろした切島よりメロがりを奏でられるか？？？,Hasunosora,,Lovelive!,,Hasunosora,,Lovelive!,
28,31,おやすみ、こな太郎🐹,"Good night, Konataro",0.4404,Mon Apr 21 13:14:19 +0000 2025,おやすみ、こな太郎,Hasunosora,,Lovelive!,,Hasunosora,,Lovelive!,
29,32,おい,Hey,0.0,Thu Jun 26 06:24:12 +0000 2025,おい,Hasunosora,,Lovelive!,,Hasunosora,,Lovelive!,
32,29,あらまだぷんすかしてるの！よしよし,I'm still peeing! Okay,0.2942,Thu Jun 26 06:25:38 +0000 2025,あらまだぷんすかしてるの！よしよし,Hasunosora,,Lovelive!,,Hasunosora,,Lovelive!,
27,32,りんちゃん、イケメンってねこういうこと。 https://t.co/evaJLseCVv,"Rin-chan, this is what he's like, handsome. https://t.co/evaJLseCVv",0.6908,Thu Jun 26 05:07:44 +0000 2025,りんちゃん、イケメンってねこういうこと。 https://t.co/evaJLseCVv,Hasunosora,,Lovelive!,,Hasunosora,,Lovelive!,
32,27,一瞬で乙女の顔つきになりました,"In an instant, she became a maiden face",0.0,Thu Jun 26 05:09:55 +0000 2025,一瞬で乙女の顔つきになりました,Hasunosora,,Lovelive!,,Hasunosora,,Lovelive!,
33,32,うおおおおおおおおおおおおおおおおおおおおおおおおおおおおお,Woooo,0.0,Tue Jun 03 15:00:23 +0000 2025,うおおおおおおおおおおおおおおおおおおおおおおおおおおおおお,Hasunosora,,Lovelive!,,Hasunosora,,Lovelive!,
32,33,おはよ！,Good morning!,0.4926,Wed Jun 04 00:47:15 +0000 2025,おはよ！,Hasunosora,,Lovelive!,,Hasunosora,,Lovelive!,
21,32,"とてもタイプ
ハオ🥰🥰","Very type
Hao",0.0,Sat Apr 19 12:59:08 +0000 2025,"とてもタイプ
ハオ",Liella!,,Lovelive!,,Hasunosora,,Lovelive!,
32,21,わ〜い🥳,Wow,0.5859,Sat Apr 19 13:25:45 +0000 2025,わ〜い,Hasunosora,,Lovelive!,,Liella!,,Lovelive!,
21,32,"りんちゃーーーーん💘
まいえんじぇる💘","Rinchan
Maienjeru",0.0,Mon Feb 03 10:53:30 +0000 2025,"りんちゃーーーーん
まいえんじぇる",Liella!,,Lovelive!,,Hasunosora,,Lovelive!,
32,21,えもちゃんのえんじぇるだよーーー👯‍♀️,It's Emo-chan's Enjell,0.0,Mon Feb 03 10:53:58 +0000 2025,えもちゃんのえんじぇるだよーーー,Hasunosora,,Lovelive!,,Liella!,,Lovelive!,
18,32,"りんちゃん！！
会えた！嬉しい！！！
クシャって笑うところ大好きで、ついついたくさんお話ししちゃうんです…( ՞. ̫.՞)
お写真ありがとう☺️◎","Rin-chan! !
We met! happy! ! !
I love how I laugh and laugh, and I can't help but talk a lot...( ՞. ̫.՞)
Thank you for the photo ◎",0.907,Mon Feb 03 10:45:21 +0000 2025,"りんちゃん！！
会えた！嬉しい！！！
クシャって笑うところ大好きで、ついついたくさんお話ししちゃうんです…( ՞. ̫.՞)
お写真ありがとう◎",Liella!,,Lovelive!,,Hasunosora,,Lovelive!,
16,32,"りんちゃーん！！お写真ありがとう☺️
全てが可愛すぎて癒しだったよ…🫰","Rinchan! ! Thank you for the photo
Everything was so cute and soothing...",0.8595,Tue Feb 04 01:34:01 +0000 2025,"りんちゃーん！！お写真ありがとう
全てが可愛すぎて癒しだったよ…",Liella!,,Lovelive!,,Hasunosora,,Lovelive!,
33,34,とんだろ？,That's right?,0.0,Sun Jul 13 14:34:26 +0000 2025,とんだろ？,Hasunosora,,Lovelive!,,Hasunosora,,Lovelive!,
34,33,進藤……あまね……😡😡,Shindo...amane...,0.0,Sun Jul 13 14:50:26 +0000 2025,進藤……あまね……,Hasunosora,,Lovelive!,,Hasunosora,,Lovelive!,
29,34,鶏がらスープ溶かした水で蒸し焼きにすると味ついて美味い,Steamed chicken soup with melted water and tastes delicious,0.5719,Sat Jul 12 13:48:09 +0000 2025,鶏がらスープ溶かした水で蒸し焼きにすると味ついて美味い,Hasunosora,,Lovelive!,,Hasunosora,,Lovelive!,
34,29,なにそれプロじゃん、天才。ブクマした。ありがとうふーちゃん🙆‍♀️🤦‍♀️🙆‍♀️,"What is that professional, genius. I booked it. Thank you fu-chan",0.3612,Sat Jul 12 14:01:45 +0000 2025,なにそれプロじゃん、天才。ブクマした。ありがとうふーちゃん,Hasunosora,,Lovelive!,,Hasunosora,,Lovelive!,
32,34,餃子のタネ、昆布だし醤油がいい,Gyoza seeds and kelp dashi soy sauce are good,0.4404,Sat Jul 12 13:12:51 +0000 2025,餃子のタネ、昆布だし醤油がいい,Hasunosora,,Lovelive!,,Hasunosora,,Lovelive!,
34,32,タネ？タレじゃなくてタネ？,"Seed? Not sauce, but seeds?",0.0,Sat Jul 12 13:17:25 +0000 2025,タネ？タレじゃなくてタネ？,Hasunosora,,Lovelive!,,Hasunosora,,Lovelive!,
33,34,"あん食うまうまだったよね…あん食1斤笑顔で持ち帰るみーちゃんの顔を覚えてる💭
通販あるよ🍞","It was so delicious... I remember Mie's face with a loaf of food that was eating home with a smile
There's mail order",0.8042,Wed Jun 11 13:16:45 +0000 2025,"あん食うまうまだったよね…あん食1斤笑顔で持ち帰るみーちゃんの顔を覚えてる
通販あるよ",Hasunosora,,Lovelive!,,Hasunosora,,Lovelive!,
34,33,まだおうちにいるよ、冷凍庫にね、いるよ。食べ終わったら、買うよ。,"I'm still at home, in the freezer, I'm still at home. I'll buy it when I've finished eating it.",0.0,Wed Jun 11 13:24:49 +0000 2025,まだおうちにいるよ、冷凍庫にね、いるよ。食べ終わったら、買うよ。,Hasunosora,,Lovelive!,,Hasunosora,,Lovelive!,
33,34,お土産と共に私は帰ってきたぁ,I'm back with a souvenir,0.0,Thu Jun 05 09:46:58 +0000 2025,お土産と共に私は帰ってきたぁ,Hasunosora,,Lovelive!,,Hasunosora,,Lovelive!,
34,33,8月にはまた一緒にミャクミャク様の細胞の一部と成り果てるんだよ。わかってるよね？,"In August, we will be able to become part of Myakumiak-sama's cells again. You know, right?",0.0,Thu Jun 05 12:22:21 +0000 2025,8月にはまた一緒にミャクミャク様の細胞の一部と成り果てるんだよ。わかってるよね？,Hasunosora,,Lovelive!,,Hasunosora,,Lovelive!,
32,34,"私がとった動画後で見返したけどほとんどあなたが食パンかかえて乱入してきてて
まともなやつなかったよおい🍞","I watched the video I took again after that, but most of you were bursting in with bread on it
I wasn't a decent guy",0.0,Sun Jun 01 13:31:16 +0000 2025,"私がとった動画後で見返したけどほとんどあなたが食パンかかえて乱入してきてて
まともなやつなかったよおい",Hasunosora,,Lovelive!,,Hasunosora,,Lovelive!,
34,32,"食パン写り込みはもはやまともだろおい🍞
でも最初の数秒はちゃんと我慢したよ","The bread in the picture is pretty decent now
But I held back for the first few seconds",0.2732,Sun Jun 01 13:40:37 +0000 2025,"食パン写り込みはもはやまともだろおい
でも最初の数秒はちゃんと我慢したよ",Hasunosora,,Lovelive!,,Hasunosora,,Lovelive!,
29,34,このシリーズ大好き😂,I love this series,0.6369,Sun Jun 01 13:15:37 +0000 2025,このシリーズ大好き,Hasunosora,,Lovelive!,,Hasunosora,,Lovelive!,
34,29,"わーうれしい🙈

小鈴ちゃんとふーちゃんにもマントついたらびっくりするほどたなびかせてみせるから、任せてね🦖","I'm so happy

If Kozu-chan and Fu-chan are also wearing capes, I'll make them sway so surprisingly well, so leave it to me",0.8588,Sun Jun 01 13:26:53 +0000 2025,"わーうれしい

小鈴ちゃんとふーちゃんにもマントついたらびっくりするほどたなびかせてみせるから、任せてね",Hasunosora,,Lovelive!,,Hasunosora,,Lovelive!,
37,35,"ありがとおおお！！！！！！！！
お土産お楽しみに🥹💖","Thank you! ! ! ! ! ! ! !
Enjoy souvenirs",0.7825,Fri Jul 11 11:09:16 +0000 2025,"ありがとおおお！！！！！！！！
お土産お楽しみに",Shinymas,,Idolm@ster,,Shinymas,,Idolm@ster,
35,37,"お土産もらえるの！！
楽しみにしてる！いろいろお話も聞かせてね💖","You can get a souvenir! !
I'm looking forward to it! Let me tell you a lot of stories too",0.0,Fri Jul 11 14:33:40 +0000 2025,"お土産もらえるの！！
楽しみにしてる！いろいろお話も聞かせてね",Shinymas,,Idolm@ster,,Shinymas,,Idolm@ster,
42,35,𝓚𝓲𝓼𝓼…,𝓚𝓲𝓼𝓼…,0.0,Sat Jun 28 03:51:34 +0000 2025,𝓚𝓲𝓼𝓼…,Shinymas,,Idolm@ster,,Shinymas,,Idolm@ster,
35,42,𝓢𝓮𝔁𝔂 𝓜𝓮𝓷𝓽𝓪𝓲𝓴𝓸…,𝓢𝓮𝔁𝔂 𝓜𝓮𝓷𝓽𝓪𝓲𝓴𝓸…,0.0,Sat Jun 28 04:04:22 +0000 2025,𝓢𝓮𝔁𝔂 𝓜𝓮𝓷𝓽𝓪𝓲𝓴𝓸…,Shinymas,,Idolm@ster,,Shinymas,,Idolm@ster,
39,35,ひとみ....................................特大らぶ.....見守っててくれてありがとう😭♡,Hitomi.... Extra large love.... Thank you for watching over me,0.7717,Sun Jun 22 12:09:22 +0000 2025,ひとみ....................................特大らぶ.....見守っててくれてありがとう,Shinymas,,Idolm@ster,,Shinymas,,Idolm@ster,
35,39,"みー！！！！
ほんとだいすき素敵すぎた会ったら感想言うからね！！！！！！！","Me! ! ! !
I really love it, and I'll tell you my thoughts when I meet you! ! ! ! ! ! !",0.7691,Sun Jun 22 14:22:45 +0000 2025,"みー！！！！
ほんとだいすき素敵すぎた会ったら感想言うからね！！！！！！！",Shinymas,,Idolm@ster,,Shinymas,,Idolm@ster,
43,35,ひとみの可愛さにつられて、夏も遊びに来ちゃったね,Hitomi's cuteness made me come to visit in the summer too,0.5106,Tue Jun 17 05:56:50 +0000 2025,ひとみの可愛さにつられて、夏も遊びに来ちゃったね,Shinymas,,Idolm@ster,,Shinymas,,Idolm@ster,
35,43,夏もいいけどほのけともあそびたいなぁ〜,"Summer is great, but I want to play with Honoke too",0.7269,Tue Jun 17 06:26:33 +0000 2025,夏もいいけどほのけともあそびたいなぁ〜,Shinymas,,Idolm@ster,,Shinymas,,Idolm@ster,
43,35,kiss…♡,kiss...,0.4215,Thu May 08 15:19:55 +0000 2025,kiss…,Shinymas,,Idolm@ster,,Shinymas,,Idolm@ster,
35,43,ちゅ❤︎,Chu︎,0.0,Fri May 09 12:13:42 +0000 2025,ちゅ︎,Shinymas,,Idolm@ster,,Shinymas,,Idolm@ster,
37,35,"ありがとうございます
愛を込めて、お誕生日おめでとう💖","Thank you
Happy birthday with love",0.886,Fri May 09 03:11:43 +0000 2025,"ありがとうございます
愛を込めて、お誕生日おめでとう",Shinymas,,Idolm@ster,,Shinymas,,Idolm@ster,
35,37,愛を込めて、だまゆありがとう！,"Thank you, Damayu with love!",0.7901,Fri May 09 12:14:42 +0000 2025,愛を込めて、だまゆありがとう！,Shinymas,,Idolm@ster,,Shinymas,,Idolm@ster,
61,35,"ひとみん
お誕生日おめでとう🎂
いつまでも女神でいてください。

ただのオタクより...👼","Hitomi
happy birthday
Stay a goddess forever.

More than just a nerd...",0.3612,Fri May 09 03:46:10 +0000 2025,"ひとみん
お誕生日おめでとう
いつまでも女神でいてください。

ただのオタクより...",Shinymas,,Idolm@ster,,Shinymas,,Idolm@ster,
35,61,"れなち🥹✨✨
女神？！うれしすぎるよ！！
ありがとう！らぶだ❤︎","goddess? ! I'm so happy! !
thank you! Love it!",0.9309,Fri May 09 12:20:33 +0000 2025,"れなち
女神？！うれしすぎるよ！！
ありがとう！らぶだ︎",Shinymas,,Idolm@ster,,Shinymas,,Idolm@ster,
45,35,"ひとみん！お誕生日おめでとう🫶！
ひとみんに会えるといつも嬉しい☺️","Hitomi! happy birthday!
I'm always happy to meet Hitomi",0.8395,Fri May 09 12:21:46 +0000 2025,"ひとみん！お誕生日おめでとう！
ひとみんに会えるといつも嬉しい",Shinymas,,Idolm@ster,,Shinymas,,Idolm@ster,
35,45,"りょうこちゃん…🥹！
ありがとう！わたしも嬉しい！
いっしょにお酒ものみに行ってみたいな！","Ryoko-chan...!
thank you! I'm happy too!
I'd like to go out drinking together!",0.871,Fri May 09 13:30:56 +0000 2025,"りょうこちゃん…！
ありがとう！わたしも嬉しい！
いっしょにお酒ものみに行ってみたいな！",Shinymas,,Idolm@ster,,Shinymas,,Idolm@ster,
42,37,に゛あ゛う゛よ゛！！！！！！！！！,!! ! ! ! ! ! ! ! !,0.0,Wed Jun 04 11:30:57 +0000 2025,に゛あ゛う゛よ゛！！！！！！！！！,Shinymas,,Idolm@ster,,Shinymas,,Idolm@ster,
37,42,似合ってるよ！！！！！！！いっぱい言ってあげよう、似合ってるよ咲耶綺麗だよ🥹🥹,"It suits you! ! ! ! ! ! ! Let me tell you a lot, it suits you, Sakuya is beautiful",0.7243,Wed Jun 04 11:36:23 +0000 2025,似合ってるよ！！！！！！！いっぱい言ってあげよう、似合ってるよ咲耶綺麗だよ,Shinymas,,Idolm@ster,,Shinymas,,Idolm@ster,
53,38,いってらっしゃいー！！！！！！！,Please come! ! ! ! ! ! !,0.5374,Fri Jun 20 14:45:01 +0000 2025,いってらっしゃいー！！！！！！！,Shinymas,,Idolm@ster,,Shinymas,,Idolm@ster,
53,38,かんわいいい,It's so good,0.5777,Wed May 21 14:09:08 +0000 2025,かんわいいい,Shinymas,,Idolm@ster,,Shinymas,,Idolm@ster,
38,53,さやかといい勝負してる?,Are you having a good match with Sayaka?,0.4404,Wed May 21 14:10:02 +0000 2025,さやかといい勝負してる?,Shinymas,,Idolm@ster,,Shinymas,,Idolm@ster,
37,38,Twinkie way、最初のシルエットの時点で歓声が上がるの最高👏👏,"Twinkie way, the best thing that cheers at the first silhouette",0.8074,Mon May 12 08:42:17 +0000 2025,Twinkie way、最初のシルエットの時点で歓声が上がるの最高,Shinymas,,Idolm@ster,,Shinymas,,Idolm@ster,
38,37,"めぐるの歌い出しでいっつも泣いてる
ほんでサビで号泣してる","I always cry when Meguru starts singing
I'm crying in the chorus",0.7351,Mon May 12 08:47:26 +0000 2025,"めぐるの歌い出しでいっつも泣いてる
ほんでサビで号泣してる",Shinymas,,Idolm@ster,,Shinymas,,Idolm@ster,
45,40,"かりんちゃーん！お誕生日おめでとう！！！！
ショートもとっても似合うなぁと思いながら眺めてる😌🙏良き歳を✨✨","Karinchan! happy birthday! ! ! !
I look at the good old age, thinking that shorts would look great in the best.",0.9522,Mon May 26 09:57:09 +0000 2025,"かりんちゃーん！お誕生日おめでとう！！！！
ショートもとっても似合うなぁと思いながら眺めてる良き歳を",Shinymas,,Idolm@ster,,Shinymas,,Idolm@ster,
40,45,"りょんちゃーん！優しい…ありがとう🥲🥲🥲💕
新しいアイコンかわいいです！","Ryon-chan! Kind...thank you
The new icon is so cute!",0.6652,Mon May 26 14:04:06 +0000 2025,"りょんちゃーん！優しい…ありがとう
新しいアイコンかわいいです！",Shinymas,,Idolm@ster,,Shinymas,,Idolm@ster,
37,41,ありがとう！！！！！パワー受け取った！！！！！！！！✨✨✨,Thank you! ! ! ! ! I received the power! ! ! ! ! ! ! !,0.5673,Sun Jul 13 03:27:45 +0000 2025,ありがとう！！！！！パワー受け取った！！！！！！！！,Shinymas,,Idolm@ster,,Shinymas,,Idolm@ster,
58,41,"えへへ嬉しいありがとう！！🥰🥰
またあとでね〜！！！🫶🏻","Hehe, thank you so much! !
See you later! ! !",0.5673,Fri Jun 27 06:05:55 +0000 2025,"えへへ嬉しいありがとう！！
またあとでね〜！！！",Shinymas,,Idolm@ster,,Shinymas,,Idolm@ster,
40,41,わたしの写真はなんで撮ってくれなかったんですか😡😡😡😡😡😡😡😡😡😡😡😡😡😡😡😡喧嘩です！！！！！！！！卍,Why didn't you take my photos? It's a fight! ! ! ! ! ! ! ! Swashi,0.5815,Mon Jun 23 13:55:49 +0000 2025,わたしの写真はなんで撮ってくれなかったんですか喧嘩です！！！！！！！！卍,Shinymas,,Idolm@ster,,Shinymas,,Idolm@ster,
41,40,タイミング合わな過ぎてぴえんだったけど次は更にめーーーっちゃ可愛く撮るから待っててね！！！！！！🔥🔥🔥卍卍卍卍,"The timing wasn't right so I couldn't get it, but next time I'll take a picture even more cute, so wait! ! ! ! ! !インドラインド",0.7655,Mon Jun 23 14:07:04 +0000 2025,タイミング合わな過ぎてぴえんだったけど次は更にめーーーっちゃ可愛く撮るから待っててね！！！！！！卍卍卍卍,Shinymas,,Idolm@ster,,Shinymas,,Idolm@ster,
43,41,"なんとも言えない表情 笑
似合ってるよん😘","An indescribable expression lol
It suits you",0.4215,Wed Jun 18 04:45:12 +0000 2025,"なんとも言えない表情 笑
似合ってるよん",Shinymas,,Idolm@ster,,Shinymas,,Idolm@ster,
41,43,"うへへ笑ありがとですっ嬉ぴよぴよです🕊️🫶
この鳥ちゃん達も連れて福岡で羽ばたいて参りますっ🕊️🔥","Uhehe lol Thank you so much, I'm happy
I'll take these birds and fly my wings in Fukuoka too.",0.8505,Fri Jun 20 15:00:35 +0000 2025,"うへへ笑ありがとですっ嬉ぴよぴよです
この鳥ちゃん達も連れて福岡で羽ばたいて参りますっ",Shinymas,,Idolm@ster,,Shinymas,,Idolm@ster,
53,42,わかる！！！,I understand! ! !,0.0,Sun Jul 06 13:09:26 +0000 2025,わかる！！！,Shinymas,,Idolm@ster,,Shinymas,,Idolm@ster,
42,53,"え！？？？！！今きづいた
北原さんもそう思ってたんだ…💗💗💗💗","What! ? ? ? ! ! I just heard
Kitahara thought so too...",0.0,Thu Jul 10 18:23:01 +0000 2025,"え！？？？！！今きづいた
北原さんもそう思ってたんだ…",Shinymas,,Idolm@ster,,Shinymas,,Idolm@ster,
43,42,ラブな感じもよろしくお願いします,Please also have a lovey-dovey feel,0.3182,Thu Jul 03 10:59:36 +0000 2025,ラブな感じもよろしくお願いします,Shinymas,,Idolm@ster,,Shinymas,,Idolm@ster,
42,43,"なんだこいつ！！！！！！！
🫶ラブ","What is this guy! ! ! ! ! ! !
Love",0.7482,Thu Jul 03 12:05:32 +0000 2025,"なんだこいつ！！！！！！！
ラブ",Shinymas,,Idolm@ster,,Shinymas,,Idolm@ster,
38,42,やるやんしお,I'll do it,0.0,Mon Jun 23 11:02:03 +0000 2025,やるやんしお,Shinymas,,Idolm@ster,,Shinymas,,Idolm@ster,
42,38,そっちのしおもやるじゃん,I'll do that too,0.0,Mon Jun 23 11:12:29 +0000 2025,そっちのしおもやるじゃん,Shinymas,,Idolm@ster,,Shinymas,,Idolm@ster,
38,42,！？？？？？？？？,! ? ? ? ? ? ? ? ?,0.0,Thu May 29 07:18:38 +0000 2025,！？？？？？？？？,Shinymas,,Idolm@ster,,Shinymas,,Idolm@ster,
42,38,さすがに毎日食べる,I think I eat it every day,0.0,Thu May 29 07:30:17 +0000 2025,さすがに毎日食べる,Shinymas,,Idolm@ster,,Shinymas,,Idolm@ster,
45,43,"速すぎて…見えない…ッ
てならないように
動体視力きたえとくね！！","It's too fast... I can't see...
Don't let it go
I feel like my dynamic vision is getting better! !",0.8619,Fri Jun 13 04:41:32 +0000 2025,"速すぎて…見えない…ッ
てならないように
動体視力きたえとくね！！",Shinymas,,Idolm@ster,,Shinymas,,Idolm@ster,
43,45,まずは右隣に気をつけな、すごい角度でボケる人がいるかもしれん,"First of all, be careful next to the right, and there may be some people who get a joke at a great angle.",0.7845,Fri Jun 13 06:44:29 +0000 2025,まずは右隣に気をつけな、すごい角度でボケる人がいるかもしれん,Shinymas,,Idolm@ster,,Shinymas,,Idolm@ster,
39,44,"はあ〜〜〜かわいい😩💚
我が指ながら良い仕事しました","Ahhh so cute
I did a good job with my finger",0.7761,Sun May 11 14:39:26 +0000 2025,"はあ〜〜〜かわいい
我が指ながら良い仕事しました",Shinymas,,Idolm@ster,,Shinymas,,Idolm@ster,
44,39,みーー(；；)音声入りバージョンは私だけの宝物🩷🩷美しい指も出演してくれてありがとう…BIG LOVE…,"Mee (;;) Thank you for appearing in the audio version, my treasured beautiful fingers...BIG LOVE...",0.9426,Mon May 12 01:32:21 +0000 2025,みーー(；；)音声入りバージョンは私だけの宝物美しい指も出演してくれてありがとう…BIG LOVE…,Shinymas,,Idolm@ster,,Shinymas,,Idolm@ster,
21,46,お姉ちゃん！とっても需要ありましゅ！とっても可愛いでしゅーーーーーーーーー！🥹🤍ྀི🤍ྀི🤍ྀི,Big sister! There's a lot of demand! It's so cute! ྀིྀི,0.5674,Tue Jul 15 13:07:00 +0000 2025,お姉ちゃん！とっても需要ありましゅ！とっても可愛いでしゅーーーーーーーーー！ྀིྀིྀི,Liella!,,Lovelive!,,Shinymas,,Idolm@ster,
46,21,"ありがとう〜〜〜！✨✨✨
どちらも彩にあげるからね〜☺️✨

まだわたしはこれをオシャレに着られないから、彩に着こなして欲しい……🐈‍⬛🐟","Thank you~~!
I'll give it both to color

I can't wear this stylishly yet, so I want Sai to wear it...",0.522,Wed Jul 16 01:58:57 +0000 2025,"ありがとう〜〜〜！
どちらも彩にあげるからね〜

まだわたしはこれをオシャレに着られないから、彩に着こなして欲しい……",Shinymas,,Idolm@ster,,Liella!,,Lovelive!,
40,46,"ぴっ、ぴよちゃん？！？！？

ありがてぇお言葉だ…😚しゅき…","Pi, Piyo-chan? ! ? ! ?

Thank you very much... I'm so happy...",0.8543,Sun Jul 13 07:42:22 +0000 2025,"ぴっ、ぴよちゃん？！？！？

ありがてぇお言葉だ…しゅき…",Shinymas,,Idolm@ster,,Shinymas,,Idolm@ster,
46,40,"ドキドキするけど、絶対買うね……！🤍
今日山梨のイベントでも、デカめの声で宣伝しておきました☺️✨
かりんちゃんの魅力、全国に届け〜！🍑","It's exciting, but I'll definitely buy it...!
I also promoted it with a huge voice at an event in Yamanashi today.
Karin-chan's charms are delivered all over the country!",0.9496,Sun Jul 13 10:43:41 +0000 2025,"ドキドキするけど、絶対買うね……！
今日山梨のイベントでも、デカめの声で宣伝しておきました
かりんちゃんの魅力、全国に届け〜！",Shinymas,,Idolm@ster,,Shinymas,,Idolm@ster,
21,46,"ひよりお姉ちゃんお誕生日おめでとうございますᐠ( ᐢᐤᐢ )ᐟ🤍ྀི🤍ྀི🤍ྀི
ひよさんのあたたかい雰囲気がとてもとても好きです( .  ̫ . )
素敵な一年になりますように🤍ྀི","Happy birthday Hiyori Sister ᐠ( ᐢᐤᐢ )ᐟྀིྀིྀི
I really love Hiyo's warm atmosphere ( . ̫ . )
I hope you have a wonderful year",0.9513,Sat Jun 21 04:24:27 +0000 2025,"ひよりお姉ちゃんお誕生日おめでとうございますᐠ( ᐢᐤᐢ )ᐟྀིྀིྀི
ひよさんのあたたかい雰囲気がとてもとても好きです( .  ̫ . )
素敵な一年になりますようにྀི",Liella!,,Lovelive!,,Shinymas,,Idolm@ster,
46,21,"えもﾁｭﾜﾝ☺️🫶　ありがとう〜！🤍
こちらこそ、えもちゃんの情熱的にお仕事を楽しむ姿にパワーをもらっているよ！🔥
山梨でえもちゃんとイベントできる夏が楽しみでしょうがないよー！🗻✨✨✨
これからもよろしくね！🌟","Emo, thank you so much!
This is what I'm really inspired by Emo's passionate view of her work!
I can't help but look forward to the summer when we can have an event in Yamanashi, Emo-chan!
Please continue to look forward to it in the future!",0.8265,Sat Jun 21 11:19:00 +0000 2025,"えもﾁｭﾜﾝ　ありがとう〜！
こちらこそ、えもちゃんの情熱的にお仕事を楽しむ姿にパワーをもらっているよ！
山梨でえもちゃんとイベントできる夏が楽しみでしょうがないよー！
これからもよろしくね！",Shinymas,,Idolm@ster,,Liella!,,Lovelive!,
45,46,"お誕生日おめでとう🎂！！
ぴよちゃんと話すと脳がキラキラ活性化していつもありがたい…🙌素敵な歳を…！！！！","Happy birthday! !
Speaking to Piyo-chan, my brain is sparkling and revitalizing, and I'm always grateful... I'm so grateful for this wonderful age...! ! ! !",0.9521,Sat Jun 21 11:15:55 +0000 2025,"お誕生日おめでとう！！
ぴよちゃんと話すと脳がキラキラ活性化していつもありがたい…素敵な歳を…！！！！",Shinymas,,Idolm@ster,,Shinymas,,Idolm@ster,
46,45,"りょこちゃん！！😭✨
ありがとう！！！全く同じ気持ちだよ！！！りょこちゃんと話す時間も、りょこちゃんのことも大っ好きだー！🤍
素敵な歳にするので、これからもたくさん遊んでくれたら嬉しいです☺️🌻✨","Ryoko-chan! !
thank you! ! ! I feel exactly the same! ! ! I really love the time I talk to Ryoko and Ryoko!
I'm going to be a wonderful age, so I hope you'll continue to play a lot in the future.",0.9548,Sat Jun 21 11:37:35 +0000 2025,"りょこちゃん！！
ありがとう！！！全く同じ気持ちだよ！！！りょこちゃんと話す時間も、りょこちゃんのことも大っ好きだー！
素敵な歳にするので、これからもたくさん遊んでくれたら嬉しいです",Shinymas,,Idolm@ster,,Shinymas,,Idolm@ster,
47,48,私も超うれしいっ😘😘😘,I'm super happy too,0.8225,Sat Jun 14 09:47:23 +0000 2025,私も超うれしいっ,Shinymas,,Idolm@ster,,Shinymas,,Idolm@ster,
48,47,"一緒だ〜っ☺️✨✨✨
もっと増えるといいな、おそろっち！","It's the same
I hope there will be more, matching ones!",0.4926,Sun Jun 15 14:00:04 +0000 2025,"一緒だ〜っ
もっと増えるといいな、おそろっち！",Shinymas,,Idolm@ster,,Shinymas,,Idolm@ster,
38,50,夏葉だけ優しいので来てくれました。うちの悪い子は...…,Only Natsuha came because it was kind. My bad boy...,0.0258,Wed Jun 11 15:30:21 +0000 2025,夏葉だけ優しいので来てくれました。うちの悪い子は...…,Shinymas,,Idolm@ster,,Shinymas,,Idolm@ster,
50,38,私のところにも摩美々が先に来たよ……もしかして本当は私たちが踊らされてるのかな…………,Mami came first to me too... I wonder if we're actually being made to dance...,0.0,Wed Jun 11 15:48:01 +0000 2025,私のところにも摩美々が先に来たよ……もしかして本当は私たちが踊らされてるのかな…………,Shinymas,,Idolm@ster,,Shinymas,,Idolm@ster,
43,53,ちゅっ,chuck,0.0,Sun Jun 15 03:32:32 +0000 2025,ちゅっ,Shinymas,,Idolm@ster,,Shinymas,,Idolm@ster,
53,43,👮,,0.0,Sun Jun 15 05:07:47 +0000 2025,,Shinymas,,Idolm@ster,,Shinymas,,Idolm@ster,
37,53,え！？！？！？！？！？！？！？！？！？！？！？！まじか誰LINEください,"What! ? ! ? ! ? ! ? ! ? ! ? ! ? ! ? ! ? ! ? ! ? ! Seriously, who should I send you LINE",0.5897,Wed Jun 04 09:02:45 +0000 2025,え！？！？！？！？！？！？！？！？！？！？！？！まじか誰LINEください,Shinymas,,Idolm@ster,,Shinymas,,Idolm@ster,
53,37,LINEしました！,I've used LINE!,0.0,Wed Jun 04 11:07:22 +0000 2025,LINEしました！,Shinymas,,Idolm@ster,,Shinymas,,Idolm@ster,
43,53,むちゅっ,much,0.0,Thu Apr 17 14:03:59 +0000 2025,むちゅっ,Shinymas,,Idolm@ster,,Shinymas,,Idolm@ster,
45,53,HAFだ！！,It's HAF! !,0.0,Fri Mar 21 07:00:56 +0000 2025,HAFだ！！,Shinymas,,Idolm@ster,,Shinymas,,Idolm@ster,
53,45,涼子もHAF仲間？！！！！！！嬉しいーーーーー！！！,Is Ryoko also a HAF member? ! ! ! ! ! ! I'm happy! ! !,0.7067,Fri Mar 21 07:17:41 +0000 2025,涼子もHAF仲間？！！！！！！嬉しいーーーーー！！！,Shinymas,,Idolm@ster,,Shinymas,,Idolm@ster,
53,54,"優ちゃんおめでとう！！
良い一年になりますよーに！
ご飯またいこォオオ","Congratulations Yu-chan! !
I hope it's a great year!
Come back to dinner",0.9149,Fri Jan 24 09:20:24 +0000 2025,"優ちゃんおめでとう！！
良い一年になりますよーに！
ご飯またいこォオオ",Shinymas,,Idolm@ster,,Shinymas,,Idolm@ster,
37,58,待って愛じゃん,"Wait, it's love",0.6369,Sun May 18 00:26:25 +0000 2025,待って愛じゃん,Shinymas,,Idolm@ster,,Shinymas,,Idolm@ster,
58,37,愛ではある🫶🏻,It's love,0.6369,Sun May 18 05:57:00 +0000 2025,愛ではある,Shinymas,,Idolm@ster,,Shinymas,,Idolm@ster,
61,60,私の捨てないでね。,Don't throw me away.,0.0,Mon May 12 14:32:10 +0000 2025,私の捨てないでね。,Shinymas,,Idolm@ster,,Shinymas,,Idolm@ster,
60,61,一年以内に更新してくれたら捨てないよ。,"If they update within a year, I won't throw it away.",0.0,Mon May 12 14:39:01 +0000 2025,一年以内に更新してくれたら捨てないよ。,Shinymas,,Idolm@ster,,Shinymas,,Idolm@ster,
46,61,弟のワイ自慢のねーちゃん、ぜひ何度でもご堪能くださいませ☺️✨,"My little brother, my proudest sister, please enjoy it again and again",0.8332,Fri Jun 27 06:24:39 +0000 2025,弟のワイ自慢のねーちゃん、ぜひ何度でもご堪能くださいませ,Shinymas,,Idolm@ster,,Shinymas,,Idolm@ster,
61,46,ありがたく頂戴いたします🙇‍♀️,Thank you,0.3612,Fri Jun 27 07:29:42 +0000 2025,ありがたく頂戴いたします,Shinymas,,Idolm@ster,,Shinymas,,Idolm@ster,
59,61,Ozawaの「O」かと思ってたごめんwwwww,"Sorry I thought it was Ozawa's ""O"" lol",0.3612,Mon Jun 09 13:30:52 +0000 2025,Ozawaの「O」かと思ってたごめんwwwww,Shinymas,,Idolm@ster,,Shinymas,,Idolm@ster,
61,59,だから撮影中なんか噛み合ってない気がしてたんだ😂😂笑,So I thought it wasn't working properly while filming lol,0.4215,Mon Jun 09 13:31:37 +0000 2025,だから撮影中なんか噛み合ってない気がしてたんだ笑,Shinymas,,Idolm@ster,,Shinymas,,Idolm@ster,
66,64,渋谷デート！！！する！！！！！！💖💖💖,Shibuya date! ! ! do! ! ! ! ! !,0.0,Tue Jun 03 12:41:29 +0000 2025,渋谷デート！！！する！！！！！！,Gakumas,,Idolm@ster,,Gakumas,,Idolm@ster,
64,66,やった！！！！！！！！！😊🎶💓,Yes! ! ! ! ! ! ! ! !,0.5951,Wed Jun 04 14:09:13 +0000 2025,やった！！！！！！！！！,Gakumas,,Idolm@ster,,Gakumas,,Idolm@ster,
66,64,ありがとう🥹💗ことねちゃんの衣装めちゃかわいくて描くの楽しかった〜〜！🥰✏️,Thank you Kotone-chan's costume was so cute and it was fun to draw it!,0.8738,Fri May 16 11:54:13 +0000 2025,ありがとうことねちゃんの衣装めちゃかわいくて描くの楽しかった〜〜！,Gakumas,,Idolm@ster,,Gakumas,,Idolm@ster,
64,66,"オーロラカラーまで完璧です👏🏻🫧✨✨
清夏とことね、ポーズとウィンク対になってるのも好き😉✌🏻💚💛.⋆𖤐","Perfect even for the aurora colour
I also like Kiyoka and the couple pose and wink.⋆𖤐",0.7351,Fri May 16 12:47:36 +0000 2025,"オーロラカラーまで完璧です
清夏とことね、ポーズとウィンク対になってるのも好き.⋆𖤐",Gakumas,,Idolm@ster,,Gakumas,,Idolm@ster,
27,64,"ボイスメッセージ嬉しかった...🥰
ありがとうございます！
ぜひまた一緒に🫶🏻🫶🏻","I was happy with the voice message...
thank you!
Please come and join us again",0.8748,Tue Apr 08 13:23:07 +0000 2025,"ボイスメッセージ嬉しかった...
ありがとうございます！
ぜひまた一緒に",Hasunosora,,Lovelive!,,Gakumas,,Idolm@ster,
64,27,"なっすちゃんへの想いが溢れて長尺になりtake10回目くらいでようやく録れたよ🫠笑

パワー型が欲しかったらいつでも呼んでください！！(？)🎮🔥🔥","My feelings for Nassu-chan were overflowing and it became a long time, and I finally recorded it after about the 10th take lol

If you want a power type, please call us anytime! ! (?)",0.717,Tue Apr 08 13:43:12 +0000 2025,"なっすちゃんへの想いが溢れて長尺になりtake10回目くらいでようやく録れたよ笑

パワー型が欲しかったらいつでも呼んでください！！(？)",Gakumas,,Idolm@ster,,Hasunosora,,Lovelive!,
43,68,とっても素敵だね、いつか詳しく聞かせてね,"That's so wonderful, let me know more someday",0.6948,Mon Jun 02 13:56:03 +0000 2025,とっても素敵だね、いつか詳しく聞かせてね,Shinymas,,Idolm@ster,,Gakumas,,Idolm@ster,
68,43,はい‼️もちろんです‼️,Yes!! Of course!!,0.5951,Mon Jun 02 14:17:23 +0000 2025,はい‼もちろんです‼,Gakumas,,Idolm@ster,,Shinymas,,Idolm@ster,
65,68,"あの「お財布」また収録で持っていくからね😎👛
会うの楽しみやね😎😎😎💥","I'll bring that ""wallet"" again when I record it
I'm looking forward to meeting you",0.0,Wed Mar 19 13:32:31 +0000 2025,"あの「お財布」また収録で持っていくからね
会うの楽しみやね",Gakumas,,Idolm@ster,,Gakumas,,Idolm@ster,
68,65,やったあ☺️楽しみだぜ〜😎💥,I'm looking forward to it,0.0,Wed Mar 19 13:45:24 +0000 2025,やったあ楽しみだぜ〜,Gakumas,,Idolm@ster,,Gakumas,,Idolm@ster,
24,70,"つむちゃんありがとう💜

サプライズ、本当にびっくりしたよ…！
母からの手紙も素敵なお声で読んでくれてありがとう😭✨","Thank you Tsumu-chan

Surprise, I was really surprised...!
Thank you for reading my letter from my mother in such a wonderful way.",0.9111,Tue May 20 16:25:44 +0000 2025,"つむちゃんありがとう

サプライズ、本当にびっくりしたよ…！
母からの手紙も素敵なお声で読んでくれてありがとう",Hasunosora,,Lovelive!,,Gakumas,,Idolm@ster,
70,24,"100点満点のかわいいリアクションをありがとう🙏🙏

こちらこそ、お母様からの大切な言葉を届ける役目を担えて光栄でした。ありがとうございます！","Thank you for your cute reaction out of 100 points

I was honored to be able to take on the role of delivering important words from my mother. thank you!",0.9168,Tue May 20 16:55:34 +0000 2025,"100点満点のかわいいリアクションをありがとう

こちらこそ、お母様からの大切な言葉を届ける役目を担えて光栄でした。ありがとうございます！",Gakumas,,Idolm@ster,,Hasunosora,,Lovelive!,
62,71,"佑芽かわいい🥰
一緒にバキバキ目指そう…！！！🥹🔥","Yume is so cute
Let's aim for a bang together...! ! !",0.6949,Sat Jun 21 13:28:03 +0000 2025,"佑芽かわいい
一緒にバキバキ目指そう…！！！",Gakumas,,Idolm@ster,,Gakumas,,Idolm@ster,
71,62,バキバキになってあおちゃんのこといつか持ち上げます💪🏻💪🏻😤😤,I'll be pounding and lifting up Ao-chan someday,0.0,Sat Jun 21 14:12:51 +0000 2025,バキバキになってあおちゃんのこといつか持ち上げます,Gakumas,,Idolm@ster,,Gakumas,,Idolm@ster,
62,71,かわいいいいい🥹💕💕,It's so cute,0.5949,Sat Jun 07 13:23:43 +0000 2025,かわいいいいい,Gakumas,,Idolm@ster,,Gakumas,,Idolm@ster,
71,62,妹ⅹ2でよろしくお願いします🥺🙇🏻‍♀️🙇🏻‍♀️♡,Please take care of me with my sister ⅹ2,0.6705,Sat Jun 07 14:01:14 +0000 2025,妹ⅹ2でよろしくお願いします,Gakumas,,Idolm@ster,,Gakumas,,Idolm@ster,
73,71,あーやとのんさんの写真かわいいwwwwww,Ayatonon's photo is cute lol,0.7003,Tue Jun 03 10:24:34 +0000 2025,あーやとのんさんの写真かわいいwwwwww,Gakumas,,Idolm@ster,,Gakumas,,Idolm@ster,
71,73,今度はましぴも一緒にのんちゃんのこと起こそうね(^o^)📣⚡️♡,"Next time, Masippi will also be making a comeback with him about Non-chan (^o^)",0.0,Tue Jun 03 10:35:21 +0000 2025,今度はましぴも一緒にのんちゃんのこと起こそうね(^o^),Gakumas,,Idolm@ster,,Gakumas,,Idolm@ster,
62,72,レッスン後の身体に染み渡る美味しさだったね、、！次までに激辛耐性つけとく🥹,The deliciousness that soaked through my body after the lesson...! I'll get the resistant to severe spiciness by next time,0.126,Sun Apr 13 13:46:04 +0000 2025,レッスン後の身体に染み渡る美味しさだったね、、！次までに激辛耐性つけとく,Gakumas,,Idolm@ster,,Gakumas,,Idolm@ster,
72,62,本当に美味しかったよね…徐々に慣らしていこうね☺️🌶️,It was really tasty... Let's get used to it gradually,0.0,Sun Apr 13 14:01:17 +0000 2025,本当に美味しかったよね…徐々に慣らしていこうね,Gakumas,,Idolm@ster,,Gakumas,,Idolm@ster,
0,73,こちらこそ受け取ってくれてありがとうだよ〜☺️,Thank you for taking this,0.3612,Mon Mar 03 09:33:07 +0000 2025,こちらこそ受け取ってくれてありがとうだよ〜,Nijigasaki,,Lovelive!,,Gakumas,,Idolm@ster,
70,73,"災難だったね…笑
でも無事に買えてよかった！
ヘアケアは根気との戦い💪❤️‍🔥より綺麗な髪目指して頑張れ〜！","It was a disaster... ha ha
But I'm glad I bought it safely!
Hair care is a battle against patience, and work hard to achieve beautiful hair!",0.9467,Wed Feb 26 12:27:50 +0000 2025,"災難だったね…笑
でも無事に買えてよかった！
ヘアケアは根気との戦いより綺麗な髪目指して頑張れ〜！",Gakumas,,Idolm@ster,,Gakumas,,Idolm@ster,
78,74,りこにゃむちハオ😻🎩❣️,Rikonyamuchihao,0.0,Tue Jul 15 04:18:35 +0000 2025,りこにゃむちハオ,Ave Mujica,,BanG Dream!,,Ave Mujica,,BanG Dream!,
74,78,ありがとにゃむにゃむ💜🐱,Thanks,0.4404,Tue Jul 15 06:42:06 +0000 2025,ありがとにゃむにゃむ,Ave Mujica,,BanG Dream!,,Ave Mujica,,BanG Dream!,
74,75,"たか ""おかか"" のん！","Taka ""Okaka"" Non!",0.0,Wed Jul 16 02:37:13 +0000 2025,"たか ""おかか"" のん！",Ave Mujica,,BanG Dream!,,Ave Mujica,,BanG Dream!,
75,74,これを正解にするために、おかかおにぎりをもう1個食べようか迷う！,"To make this the right answer, I'm not sure whether to eat another okara rice ball!",0.308,Wed Jul 16 04:00:39 +0000 2025,これを正解にするために、おかかおにぎりをもう1個食べようか迷う！,Ave Mujica,,BanG Dream!,,Ave Mujica,,BanG Dream!,
82,76,"めいしゃああん😭✨
こちらこそです！！！
これからもよろしくお願いいたします！！✨","Meishaan
This is it! ! !
We look forward to your continued support! !",0.5951,Sat May 03 06:50:16 +0000 2025,"めいしゃああん
こちらこそです！！！
これからもよろしくお願いいたします！！",MyGO!!!!!,,BanG Dream!,,Ave Mujica,,BanG Dream!,
2,76,そういうところだよ。,That's how it is.,0.0,Mon Apr 28 12:30:10 +0000 2025,そういうところだよ。,Nijigasaki,MyGO!!!!!,Lovelive!,BanG Dream!,Ave Mujica,,BanG Dream!,
76,2,…？？？,...? ? ?,0.0,Mon Apr 28 12:40:02 +0000 2025,…？？？,Ave Mujica,,BanG Dream!,,Nijigasaki,MyGO!!!!!,Lovelive!,BanG Dream!
83,77,あまりにもかわいすぎるな🥱🥱,It's too cute,0.4588,Wed Jun 25 15:39:53 +0000 2025,あまりにもかわいすぎるな,MyGO!!!!!,,BanG Dream!,,Ave Mujica,,BanG Dream!,
33,77,"渡瀬ちゃんありがとう〜🥹💞✨️
包んでくれてありがとう🥟💕
ｶﾞﾊﾊﾊﾊﾊﾊﾊﾊﾊﾊ","Thank you Watase-chan
Thank you for wrapping me
gahahahahahahahahahahahahahaha",0.6124,Sun Apr 20 03:54:49 +0000 2025,"渡瀬ちゃんありがとう〜
包んでくれてありがとう
ｶﾞﾊﾊﾊﾊﾊﾊﾊﾊﾊﾊ",Hasunosora,,Lovelive!,,Ave Mujica,,BanG Dream!,
75,78,"前からあかねになりたいと思ってたから、
こちらこそごちそうさまでした😍🪄✨","I've always wanted to be Akane,
Thank you for the meal here",0.3612,Wed May 28 04:09:34 +0000 2025,"前からあかねになりたいと思ってたから、
こちらこそごちそうさまでした",Ave Mujica,,BanG Dream!,,Ave Mujica,,BanG Dream!,
78,75,今度はかのんになってみたい🎹🥰,I want to be Kanon next time,0.0772,Wed May 28 06:24:01 +0000 2025,今度はかのんになってみたい,Ave Mujica,,BanG Dream!,,Ave Mujica,,BanG Dream!,
2,79,"ようちゃんお誕生日おめでとう🎉
これからも、よろしく👍","Happy birthday, Youchan
I look forward to it in the future",0.5719,Tue Mar 25 15:57:17 +0000 2025,"ようちゃんお誕生日おめでとう
これからも、よろしく",Nijigasaki,MyGO!!!!!,Lovelive!,BanG Dream!,MyGO!!!!!,,BanG Dream!,
79,2,"ここちゃん
ありがとう(〃´-`〃)✨
ぜひ！これからもよろしくね✨✨✨","Koko-chan
Thank you (〃´-`〃)
please! Please continue to look forward to it in the future",0.75,Thu Mar 27 06:52:50 +0000 2025,"ここちゃん
ありがとう(〃´-`〃)
ぜひ！これからもよろしくね",MyGO!!!!!,,BanG Dream!,,Nijigasaki,MyGO!!!!!,Lovelive!,BanG Dream!
75,79,"よーちゃん！お誕生日おめでとう🐏🌸
会うたびによーちゃんと出会えたことが幸せで光栄だなぁと思ってるよ☺️
心があたたかくて優しいよーちゃんが大好き✨
素敵な一年になる魔法かけたっ🧚","Yo-chan! happy birthday
I feel happy and honored to be able to meet Yo-chan every time I meet
I love you and kind heart
I made a spell to make a wonderful year",0.9817,Tue Mar 25 15:41:35 +0000 2025,"よーちゃん！お誕生日おめでとう
会うたびによーちゃんと出会えたことが幸せで光栄だなぁと思ってるよ
心があたたかくて優しいよーちゃんが大好き
素敵な一年になる魔法かけたっ",Ave Mujica,,BanG Dream!,,MyGO!!!!!,,BanG Dream!,
79,75,"たぁちゃん
私もたぁちゃんと出会えて、こんなふうに言葉をかけてもらえて、とっても光栄だよ✨
ありがとう...✨
そんなたぁちゃんも素敵な一年になるように、私も魔法をかけます...！✨🪄✨✨","Taa-chan
I am very honored to have met Taa-chan and have been able to say something like this.
thank you...
I will cast a spell on Taa-chan so that it will have a wonderful year too...!",0.9254,Thu Mar 27 06:57:35 +0000 2025,"たぁちゃん
私もたぁちゃんと出会えて、こんなふうに言葉をかけてもらえて、とっても光栄だよ
ありがとう...
そんなたぁちゃんも素敵な一年になるように、私も魔法をかけます...！",MyGO!!!!!,,BanG Dream!,,Ave Mujica,,BanG Dream!,
81,79,よｻｰﾝお誕生日おめでとうー！！🐏🐑🫶✨,"Happy birthday, yeah! !",0.7568,Wed Mar 26 06:21:47 +0000 2025,よｻｰﾝお誕生日おめでとうー！！,MyGO!!!!!,,BanG Dream!,,MyGO!!!!!,,BanG Dream!,
79,81,"ひなちゃん
ありがとうだよ〜！！✨𐔌՞⁔•͈ ·̫ •͈⁔՞𐦯","Hina-chan
Thank you very much! ! 𐔌՞⁔•͈ ·̫ •͈⁔՞𐦯",0.4738,Thu Mar 27 06:53:19 +0000 2025,"ひなちゃん
ありがとうだよ〜！！𐔌՞⁔•͈ ·̫ •͈⁔՞𐦯",MyGO!!!!!,,BanG Dream!,,MyGO!!!!!,,BanG Dream!,
80,79,おめでと🎂♡,Congratulations,0.5994,Wed Mar 26 00:06:29 +0000 2025,おめでと,MyGO!!!!!,,BanG Dream!,,MyGO!!!!!,,BanG Dream!,
79,80,"りんちゃん
ありがとう🎂(´○｀*)ﾊﾟｸｯ✨","Rin-chan
Thank you (´○｀*)",0.3612,Thu Mar 27 06:54:55 +0000 2025,"りんちゃん
ありがとう(´○｀*)ﾊﾟｸｯ",MyGO!!!!!,,BanG Dream!,,MyGO!!!!!,,BanG Dream!,
82,79,"ようちゃんお誕生日おめでとうー！！✨
素敵な一年になりますように☺️","Happy birthday, Youmiya! !
I hope you have a wonderful year",0.8975,Wed Mar 26 02:25:56 +0000 2025,"ようちゃんお誕生日おめでとうー！！
素敵な一年になりますように",MyGO!!!!!,,BanG Dream!,,MyGO!!!!!,,BanG Dream!,
79,82,"みかんちゃん
ありがとう！！✨
みかんちゃんにとっても素敵な一年になりますように...✨","thank you! !
I hope this will be a wonderful year for Mikan...",0.8652,Thu Mar 27 06:56:56 +0000 2025,"みかんちゃん
ありがとう！！
みかんちゃんにとっても素敵な一年になりますように...",MyGO!!!!!,,BanG Dream!,,MyGO!!!!!,,BanG Dream!,
2,80,(笑)派かあ。ワイはw派,(lol) I'm the type. I'm a w,0.4215,Thu Apr 10 09:53:23 +0000 2025,(笑)派かあ。ワイはw派,Nijigasaki,MyGO!!!!!,Lovelive!,BanG Dream!,MyGO!!!!!,,BanG Dream!,
80,2,おれは、〜で草 派,I'm the one who's,0.0,Thu Apr 10 11:08:10 +0000 2025,おれは、〜で草 派,MyGO!!!!!,,BanG Dream!,,Nijigasaki,MyGO!!!!!,Lovelive!,BanG Dream!
82,80,"そんなフレンドリーな口調でお返事かえってくるの？？
より怖いんだが","Will you respond in such a friendly tone? ?
It's even scarier though",0.5514,Thu Apr 10 08:48:17 +0000 2025,"そんなフレンドリーな口調でお返事かえってくるの？？
より怖いんだが",MyGO!!!!!,,BanG Dream!,,MyGO!!!!!,,BanG Dream!,
80,82,賢いし優しいし気も遣えるぞ https://t.co/6fVFJEoZ0M,"She's smart, kind and caring https://t.co/6fVFJEoZ0M",0.8519,Thu Apr 10 08:59:32 +0000 2025,賢いし優しいし気も遣えるぞ https://t.co/6fVFJEoZ0M,MyGO!!!!!,,BanG Dream!,,MyGO!!!!!,,BanG Dream!,
81,80,かんわいーーo̴̶̷̤  ̫ o̴̶̷̤❣️✨✨,It's so funny o̴̶̷̤ ̫ o̴̶̷̤,0.5777,Sun Mar 16 05:30:58 +0000 2025,かんわいーーo̴̶̷̤  ̫ o̴̶̷̤,MyGO!!!!!,,BanG Dream!,,MyGO!!!!!,,BanG Dream!,
80,81,おれ、うれしい！！！,I'm happy! ! !,0.6784,Sun Mar 16 07:46:00 +0000 2025,おれ、うれしい！！！,MyGO!!!!!,,BanG Dream!,,MyGO!!!!!,,BanG Dream!,
2,80,いっしょにいこうよ〜😔😔😔,Let's go together,0.0,Thu Jan 30 09:20:07 +0000 2025,いっしょにいこうよ〜,Nijigasaki,MyGO!!!!!,Lovelive!,BanG Dream!,MyGO!!!!!,,BanG Dream!,
80,2,行くに決まってんじゃん😡😡😡,I'm sure I'll go,0.3182,Thu Jan 30 09:50:40 +0000 2025,行くに決まってんじゃん,MyGO!!!!!,,BanG Dream!,,Nijigasaki,MyGO!!!!!,Lovelive!,BanG Dream!
75,82,やってみたい！！！！,I want to try it! ! ! !,0.3544,Wed Jun 04 03:25:50 +0000 2025,やってみたい！！！！,Ave Mujica,,BanG Dream!,,MyGO!!!!!,,BanG Dream!,
82,75,"やろうー！！！🥟
みんなで作って焼こう！！！絶対楽しい！！！🥟🥟🥟","Let's do it! ! !
Let's make and bake together! ! ! It's definitely fun! ! !",0.8002,Wed Jun 04 03:39:27 +0000 2025,"やろうー！！！
みんなで作って焼こう！！！絶対楽しい！！！",MyGO!!!!!,,BanG Dream!,,Ave Mujica,,BanG Dream!,
2,83,💓💓💓,,0.0,Sat Jul 12 11:38:45 +0000 2025,,Nijigasaki,MyGO!!!!!,Lovelive!,BanG Dream!,MyGO!!!!!,,BanG Dream!,
